Date,Year,MonthNumber,MonthName,Quarter,MonthSort,IsWorkday
03/01/2015 12:00:00 AM,2015,1,Jan,Q1,201501,0
04/01/2015 12:00:00 AM,2015,1,Jan,Q1,201501,0
05/01/2015 12:00:00 AM,2015,1,Jan,Q1,201501,1
06/01/2015 12:00:00 AM,2015,1,Jan,Q1,201501,1
07/01/2015 12:00:00 AM,2015,1,Jan,Q1,201501,1
08/01/2015 12:00:00 AM,2015,1,Jan,Q1,201501,1
09/01/2015 12:00:00 AM,2015,1,Jan,Q1,201501,1
10/01/2015 12:00:00 AM,2015,1,Jan,Q1,201501,0
11/01/2015 12:00:00 AM,2015,1,Jan,Q1,201501,0
12/01/2015 12:00:00 AM,2015,1,Jan,Q1,201501,1
13/01/2015 12:00:00 AM,2015,1,Jan,Q1,201501,1
14/01/2015 12:00:00 AM,2015,1,Jan,Q1,201501,1
15/01/2015 12:00:00 AM,2015,1,Jan,Q1,201501,1
16/01/2015 12:00:00 AM,2015,1,Jan,Q1,201501,1
17/01/2015 12:00:00 AM,2015,1,Jan,Q1,201501,0
18/01/2015 12:00:00 AM,2015,1,Jan,Q1,201501,0
19/01/2015 12:00:00 AM,2015,1,Jan,Q1,201501,1
20/01/2015 12:00:00 AM,2015,1,Jan,Q1,201501,1
21/01/2015 12:00:00 AM,2015,1,Jan,Q1,201501,1
22/01/2015 12:00:00 AM,2015,1,Jan,Q1,201501,1
23/01/2015 12:00:00 AM,2015,1,Jan,Q1,201501,1
24/01/2015 12:00:00 AM,2015,1,Jan,Q1,201501,0
25/01/2015 12:00:00 AM,2015,1,Jan,Q1,201501,0
26/01/2015 12:00:00 AM,2015,1,Jan,Q1,201501,1
27/01/2015 12:00:00 AM,2015,1,Jan,Q1,201501,1
28/01/2015 12:00:00 AM,2015,1,Jan,Q1,201501,1
29/01/2015 12:00:00 AM,2015,1,Jan,Q1,201501,1
30/01/2015 12:00:00 AM,2015,1,Jan,Q1,201501,1
31/01/2015 12:00:00 AM,2015,1,Jan,Q1,201501,0
01/02/2015 12:00:00 AM,2015,2,Feb,Q1,201502,0
02/02/2015 12:00:00 AM,2015,2,Feb,Q1,201502,1
03/02/2015 12:00:00 AM,2015,2,Feb,Q1,201502,1
04/02/2015 12:00:00 AM,2015,2,Feb,Q1,201502,1
05/02/2015 12:00:00 AM,2015,2,Feb,Q1,201502,1
06/02/2015 12:00:00 AM,2015,2,Feb,Q1,201502,1
07/02/2015 12:00:00 AM,2015,2,Feb,Q1,201502,0
08/02/2015 12:00:00 AM,2015,2,Feb,Q1,201502,0
09/02/2015 12:00:00 AM,2015,2,Feb,Q1,201502,1
10/02/2015 12:00:00 AM,2015,2,Feb,Q1,201502,1
11/02/2015 12:00:00 AM,2015,2,Feb,Q1,201502,1
12/02/2015 12:00:00 AM,2015,2,Feb,Q1,201502,1
13/02/2015 12:00:00 AM,2015,2,Feb,Q1,201502,1
14/02/2015 12:00:00 AM,2015,2,Feb,Q1,201502,0
15/02/2015 12:00:00 AM,2015,2,Feb,Q1,201502,0
16/02/2015 12:00:00 AM,2015,2,Feb,Q1,201502,1
17/02/2015 12:00:00 AM,2015,2,Feb,Q1,201502,1
18/02/2015 12:00:00 AM,2015,2,Feb,Q1,201502,1
19/02/2015 12:00:00 AM,2015,2,Feb,Q1,201502,1
20/02/2015 12:00:00 AM,2015,2,Feb,Q1,201502,1
21/02/2015 12:00:00 AM,2015,2,Feb,Q1,201502,0
22/02/2015 12:00:00 AM,2015,2,Feb,Q1,201502,0
23/02/2015 12:00:00 AM,2015,2,Feb,Q1,201502,1
24/02/2015 12:00:00 AM,2015,2,Feb,Q1,201502,1
25/02/2015 12:00:00 AM,2015,2,Feb,Q1,201502,1
26/02/2015 12:00:00 AM,2015,2,Feb,Q1,201502,1
27/02/2015 12:00:00 AM,2015,2,Feb,Q1,201502,1
28/02/2015 12:00:00 AM,2015,2,Feb,Q1,201502,0
01/03/2015 12:00:00 AM,2015,3,Mar,Q1,201503,0
02/03/2015 12:00:00 AM,2015,3,Mar,Q1,201503,1
03/03/2015 12:00:00 AM,2015,3,Mar,Q1,201503,1
04/03/2015 12:00:00 AM,2015,3,Mar,Q1,201503,1
05/03/2015 12:00:00 AM,2015,3,Mar,Q1,201503,1
06/03/2015 12:00:00 AM,2015,3,Mar,Q1,201503,1
07/03/2015 12:00:00 AM,2015,3,Mar,Q1,201503,0
08/03/2015 12:00:00 AM,2015,3,Mar,Q1,201503,0
09/03/2015 12:00:00 AM,2015,3,Mar,Q1,201503,1
10/03/2015 12:00:00 AM,2015,3,Mar,Q1,201503,1
11/03/2015 12:00:00 AM,2015,3,Mar,Q1,201503,1
12/03/2015 12:00:00 AM,2015,3,Mar,Q1,201503,1
13/03/2015 12:00:00 AM,2015,3,Mar,Q1,201503,1
14/03/2015 12:00:00 AM,2015,3,Mar,Q1,201503,0
15/03/2015 12:00:00 AM,2015,3,Mar,Q1,201503,0
16/03/2015 12:00:00 AM,2015,3,Mar,Q1,201503,1
17/03/2015 12:00:00 AM,2015,3,Mar,Q1,201503,1
18/03/2015 12:00:00 AM,2015,3,Mar,Q1,201503,1
19/03/2015 12:00:00 AM,2015,3,Mar,Q1,201503,1
20/03/2015 12:00:00 AM,2015,3,Mar,Q1,201503,1
21/03/2015 12:00:00 AM,2015,3,Mar,Q1,201503,0
22/03/2015 12:00:00 AM,2015,3,Mar,Q1,201503,0
23/03/2015 12:00:00 AM,2015,3,Mar,Q1,201503,1
24/03/2015 12:00:00 AM,2015,3,Mar,Q1,201503,1
25/03/2015 12:00:00 AM,2015,3,Mar,Q1,201503,1
26/03/2015 12:00:00 AM,2015,3,Mar,Q1,201503,1
27/03/2015 12:00:00 AM,2015,3,Mar,Q1,201503,1
28/03/2015 12:00:00 AM,2015,3,Mar,Q1,201503,0
29/03/2015 12:00:00 AM,2015,3,Mar,Q1,201503,0
30/03/2015 12:00:00 AM,2015,3,Mar,Q1,201503,1
31/03/2015 12:00:00 AM,2015,3,Mar,Q1,201503,1
01/04/2015 12:00:00 AM,2015,4,Apr,Q2,201504,1
02/04/2015 12:00:00 AM,2015,4,Apr,Q2,201504,1
03/04/2015 12:00:00 AM,2015,4,Apr,Q2,201504,1
04/04/2015 12:00:00 AM,2015,4,Apr,Q2,201504,0
05/04/2015 12:00:00 AM,2015,4,Apr,Q2,201504,0
06/04/2015 12:00:00 AM,2015,4,Apr,Q2,201504,1
07/04/2015 12:00:00 AM,2015,4,Apr,Q2,201504,1
08/04/2015 12:00:00 AM,2015,4,Apr,Q2,201504,1
09/04/2015 12:00:00 AM,2015,4,Apr,Q2,201504,1
10/04/2015 12:00:00 AM,2015,4,Apr,Q2,201504,1
11/04/2015 12:00:00 AM,2015,4,Apr,Q2,201504,0
12/04/2015 12:00:00 AM,2015,4,Apr,Q2,201504,0
13/04/2015 12:00:00 AM,2015,4,Apr,Q2,201504,1
14/04/2015 12:00:00 AM,2015,4,Apr,Q2,201504,1
15/04/2015 12:00:00 AM,2015,4,Apr,Q2,201504,1
16/04/2015 12:00:00 AM,2015,4,Apr,Q2,201504,1
17/04/2015 12:00:00 AM,2015,4,Apr,Q2,201504,1
18/04/2015 12:00:00 AM,2015,4,Apr,Q2,201504,0
19/04/2015 12:00:00 AM,2015,4,Apr,Q2,201504,0
20/04/2015 12:00:00 AM,2015,4,Apr,Q2,201504,1
21/04/2015 12:00:00 AM,2015,4,Apr,Q2,201504,1
22/04/2015 12:00:00 AM,2015,4,Apr,Q2,201504,1
23/04/2015 12:00:00 AM,2015,4,Apr,Q2,201504,1
24/04/2015 12:00:00 AM,2015,4,Apr,Q2,201504,1
25/04/2015 12:00:00 AM,2015,4,Apr,Q2,201504,0
26/04/2015 12:00:00 AM,2015,4,Apr,Q2,201504,0
27/04/2015 12:00:00 AM,2015,4,Apr,Q2,201504,1
28/04/2015 12:00:00 AM,2015,4,Apr,Q2,201504,1
29/04/2015 12:00:00 AM,2015,4,Apr,Q2,201504,1
30/04/2015 12:00:00 AM,2015,4,Apr,Q2,201504,1
01/05/2015 12:00:00 AM,2015,5,May,Q2,201505,1
02/05/2015 12:00:00 AM,2015,5,May,Q2,201505,0
03/05/2015 12:00:00 AM,2015,5,May,Q2,201505,0
04/05/2015 12:00:00 AM,2015,5,May,Q2,201505,1
05/05/2015 12:00:00 AM,2015,5,May,Q2,201505,1
06/05/2015 12:00:00 AM,2015,5,May,Q2,201505,1
07/05/2015 12:00:00 AM,2015,5,May,Q2,201505,1
08/05/2015 12:00:00 AM,2015,5,May,Q2,201505,1
09/05/2015 12:00:00 AM,2015,5,May,Q2,201505,0
10/05/2015 12:00:00 AM,2015,5,May,Q2,201505,0
11/05/2015 12:00:00 AM,2015,5,May,Q2,201505,1
12/05/2015 12:00:00 AM,2015,5,May,Q2,201505,1
13/05/2015 12:00:00 AM,2015,5,May,Q2,201505,1
14/05/2015 12:00:00 AM,2015,5,May,Q2,201505,1
15/05/2015 12:00:00 AM,2015,5,May,Q2,201505,1
16/05/2015 12:00:00 AM,2015,5,May,Q2,201505,0
17/05/2015 12:00:00 AM,2015,5,May,Q2,201505,0
18/05/2015 12:00:00 AM,2015,5,May,Q2,201505,1
19/05/2015 12:00:00 AM,2015,5,May,Q2,201505,1
20/05/2015 12:00:00 AM,2015,5,May,Q2,201505,1
21/05/2015 12:00:00 AM,2015,5,May,Q2,201505,1
22/05/2015 12:00:00 AM,2015,5,May,Q2,201505,1
23/05/2015 12:00:00 AM,2015,5,May,Q2,201505,0
24/05/2015 12:00:00 AM,2015,5,May,Q2,201505,0
25/05/2015 12:00:00 AM,2015,5,May,Q2,201505,1
26/05/2015 12:00:00 AM,2015,5,May,Q2,201505,1
27/05/2015 12:00:00 AM,2015,5,May,Q2,201505,1
28/05/2015 12:00:00 AM,2015,5,May,Q2,201505,1
29/05/2015 12:00:00 AM,2015,5,May,Q2,201505,1
30/05/2015 12:00:00 AM,2015,5,May,Q2,201505,0
31/05/2015 12:00:00 AM,2015,5,May,Q2,201505,0
01/06/2015 12:00:00 AM,2015,6,Jun,Q2,201506,1
02/06/2015 12:00:00 AM,2015,6,Jun,Q2,201506,1
03/06/2015 12:00:00 AM,2015,6,Jun,Q2,201506,1
04/06/2015 12:00:00 AM,2015,6,Jun,Q2,201506,1
05/06/2015 12:00:00 AM,2015,6,Jun,Q2,201506,1
06/06/2015 12:00:00 AM,2015,6,Jun,Q2,201506,0
07/06/2015 12:00:00 AM,2015,6,Jun,Q2,201506,0
08/06/2015 12:00:00 AM,2015,6,Jun,Q2,201506,1
09/06/2015 12:00:00 AM,2015,6,Jun,Q2,201506,1
10/06/2015 12:00:00 AM,2015,6,Jun,Q2,201506,1
11/06/2015 12:00:00 AM,2015,6,Jun,Q2,201506,1
12/06/2015 12:00:00 AM,2015,6,Jun,Q2,201506,1
13/06/2015 12:00:00 AM,2015,6,Jun,Q2,201506,0
14/06/2015 12:00:00 AM,2015,6,Jun,Q2,201506,0
15/06/2015 12:00:00 AM,2015,6,Jun,Q2,201506,1
16/06/2015 12:00:00 AM,2015,6,Jun,Q2,201506,1
17/06/2015 12:00:00 AM,2015,6,Jun,Q2,201506,1
18/06/2015 12:00:00 AM,2015,6,Jun,Q2,201506,1
19/06/2015 12:00:00 AM,2015,6,Jun,Q2,201506,1
20/06/2015 12:00:00 AM,2015,6,Jun,Q2,201506,0
21/06/2015 12:00:00 AM,2015,6,Jun,Q2,201506,0
22/06/2015 12:00:00 AM,2015,6,Jun,Q2,201506,1
23/06/2015 12:00:00 AM,2015,6,Jun,Q2,201506,1
24/06/2015 12:00:00 AM,2015,6,Jun,Q2,201506,1
25/06/2015 12:00:00 AM,2015,6,Jun,Q2,201506,1
26/06/2015 12:00:00 AM,2015,6,Jun,Q2,201506,1
27/06/2015 12:00:00 AM,2015,6,Jun,Q2,201506,0
28/06/2015 12:00:00 AM,2015,6,Jun,Q2,201506,0
29/06/2015 12:00:00 AM,2015,6,Jun,Q2,201506,1
30/06/2015 12:00:00 AM,2015,6,Jun,Q2,201506,1
01/07/2015 12:00:00 AM,2015,7,Jul,Q3,201507,1
02/07/2015 12:00:00 AM,2015,7,Jul,Q3,201507,1
03/07/2015 12:00:00 AM,2015,7,Jul,Q3,201507,1
04/07/2015 12:00:00 AM,2015,7,Jul,Q3,201507,0
05/07/2015 12:00:00 AM,2015,7,Jul,Q3,201507,0
06/07/2015 12:00:00 AM,2015,7,Jul,Q3,201507,1
07/07/2015 12:00:00 AM,2015,7,Jul,Q3,201507,1
08/07/2015 12:00:00 AM,2015,7,Jul,Q3,201507,1
09/07/2015 12:00:00 AM,2015,7,Jul,Q3,201507,1
10/07/2015 12:00:00 AM,2015,7,Jul,Q3,201507,1
11/07/2015 12:00:00 AM,2015,7,Jul,Q3,201507,0
12/07/2015 12:00:00 AM,2015,7,Jul,Q3,201507,0
13/07/2015 12:00:00 AM,2015,7,Jul,Q3,201507,1
14/07/2015 12:00:00 AM,2015,7,Jul,Q3,201507,1
15/07/2015 12:00:00 AM,2015,7,Jul,Q3,201507,1
16/07/2015 12:00:00 AM,2015,7,Jul,Q3,201507,1
17/07/2015 12:00:00 AM,2015,7,Jul,Q3,201507,1
18/07/2015 12:00:00 AM,2015,7,Jul,Q3,201507,0
19/07/2015 12:00:00 AM,2015,7,Jul,Q3,201507,0
20/07/2015 12:00:00 AM,2015,7,Jul,Q3,201507,1
21/07/2015 12:00:00 AM,2015,7,Jul,Q3,201507,1
22/07/2015 12:00:00 AM,2015,7,Jul,Q3,201507,1
23/07/2015 12:00:00 AM,2015,7,Jul,Q3,201507,1
24/07/2015 12:00:00 AM,2015,7,Jul,Q3,201507,1
25/07/2015 12:00:00 AM,2015,7,Jul,Q3,201507,0
26/07/2015 12:00:00 AM,2015,7,Jul,Q3,201507,0
27/07/2015 12:00:00 AM,2015,7,Jul,Q3,201507,1
28/07/2015 12:00:00 AM,2015,7,Jul,Q3,201507,1
29/07/2015 12:00:00 AM,2015,7,Jul,Q3,201507,1
30/07/2015 12:00:00 AM,2015,7,Jul,Q3,201507,1
31/07/2015 12:00:00 AM,2015,7,Jul,Q3,201507,1
01/08/2015 12:00:00 AM,2015,8,Aug,Q3,201508,0
02/08/2015 12:00:00 AM,2015,8,Aug,Q3,201508,0
03/08/2015 12:00:00 AM,2015,8,Aug,Q3,201508,1
04/08/2015 12:00:00 AM,2015,8,Aug,Q3,201508,1
05/08/2015 12:00:00 AM,2015,8,Aug,Q3,201508,1
06/08/2015 12:00:00 AM,2015,8,Aug,Q3,201508,1
07/08/2015 12:00:00 AM,2015,8,Aug,Q3,201508,1
08/08/2015 12:00:00 AM,2015,8,Aug,Q3,201508,0
09/08/2015 12:00:00 AM,2015,8,Aug,Q3,201508,0
10/08/2015 12:00:00 AM,2015,8,Aug,Q3,201508,1
11/08/2015 12:00:00 AM,2015,8,Aug,Q3,201508,1
12/08/2015 12:00:00 AM,2015,8,Aug,Q3,201508,1
13/08/2015 12:00:00 AM,2015,8,Aug,Q3,201508,1
14/08/2015 12:00:00 AM,2015,8,Aug,Q3,201508,1
15/08/2015 12:00:00 AM,2015,8,Aug,Q3,201508,0
16/08/2015 12:00:00 AM,2015,8,Aug,Q3,201508,0
17/08/2015 12:00:00 AM,2015,8,Aug,Q3,201508,1
18/08/2015 12:00:00 AM,2015,8,Aug,Q3,201508,1
19/08/2015 12:00:00 AM,2015,8,Aug,Q3,201508,1
20/08/2015 12:00:00 AM,2015,8,Aug,Q3,201508,1
21/08/2015 12:00:00 AM,2015,8,Aug,Q3,201508,1
22/08/2015 12:00:00 AM,2015,8,Aug,Q3,201508,0
23/08/2015 12:00:00 AM,2015,8,Aug,Q3,201508,0
24/08/2015 12:00:00 AM,2015,8,Aug,Q3,201508,1
25/08/2015 12:00:00 AM,2015,8,Aug,Q3,201508,1
26/08/2015 12:00:00 AM,2015,8,Aug,Q3,201508,1
27/08/2015 12:00:00 AM,2015,8,Aug,Q3,201508,1
28/08/2015 12:00:00 AM,2015,8,Aug,Q3,201508,1
29/08/2015 12:00:00 AM,2015,8,Aug,Q3,201508,0
30/08/2015 12:00:00 AM,2015,8,Aug,Q3,201508,0
31/08/2015 12:00:00 AM,2015,8,Aug,Q3,201508,1
01/09/2015 12:00:00 AM,2015,9,Sep,Q3,201509,1
02/09/2015 12:00:00 AM,2015,9,Sep,Q3,201509,1
03/09/2015 12:00:00 AM,2015,9,Sep,Q3,201509,1
04/09/2015 12:00:00 AM,2015,9,Sep,Q3,201509,1
05/09/2015 12:00:00 AM,2015,9,Sep,Q3,201509,0
06/09/2015 12:00:00 AM,2015,9,Sep,Q3,201509,0
07/09/2015 12:00:00 AM,2015,9,Sep,Q3,201509,1
08/09/2015 12:00:00 AM,2015,9,Sep,Q3,201509,1
09/09/2015 12:00:00 AM,2015,9,Sep,Q3,201509,1
10/09/2015 12:00:00 AM,2015,9,Sep,Q3,201509,1
11/09/2015 12:00:00 AM,2015,9,Sep,Q3,201509,1
12/09/2015 12:00:00 AM,2015,9,Sep,Q3,201509,0
13/09/2015 12:00:00 AM,2015,9,Sep,Q3,201509,0
14/09/2015 12:00:00 AM,2015,9,Sep,Q3,201509,1
15/09/2015 12:00:00 AM,2015,9,Sep,Q3,201509,1
16/09/2015 12:00:00 AM,2015,9,Sep,Q3,201509,1
17/09/2015 12:00:00 AM,2015,9,Sep,Q3,201509,1
18/09/2015 12:00:00 AM,2015,9,Sep,Q3,201509,1
19/09/2015 12:00:00 AM,2015,9,Sep,Q3,201509,0
20/09/2015 12:00:00 AM,2015,9,Sep,Q3,201509,0
21/09/2015 12:00:00 AM,2015,9,Sep,Q3,201509,1
22/09/2015 12:00:00 AM,2015,9,Sep,Q3,201509,1
23/09/2015 12:00:00 AM,2015,9,Sep,Q3,201509,1
24/09/2015 12:00:00 AM,2015,9,Sep,Q3,201509,1
25/09/2015 12:00:00 AM,2015,9,Sep,Q3,201509,1
26/09/2015 12:00:00 AM,2015,9,Sep,Q3,201509,0
27/09/2015 12:00:00 AM,2015,9,Sep,Q3,201509,0
28/09/2015 12:00:00 AM,2015,9,Sep,Q3,201509,1
29/09/2015 12:00:00 AM,2015,9,Sep,Q3,201509,1
30/09/2015 12:00:00 AM,2015,9,Sep,Q3,201509,1
01/10/2015 12:00:00 AM,2015,10,Oct,Q4,201510,1
02/10/2015 12:00:00 AM,2015,10,Oct,Q4,201510,1
03/10/2015 12:00:00 AM,2015,10,Oct,Q4,201510,0
04/10/2015 12:00:00 AM,2015,10,Oct,Q4,201510,0
05/10/2015 12:00:00 AM,2015,10,Oct,Q4,201510,1
06/10/2015 12:00:00 AM,2015,10,Oct,Q4,201510,1
07/10/2015 12:00:00 AM,2015,10,Oct,Q4,201510,1
08/10/2015 12:00:00 AM,2015,10,Oct,Q4,201510,1
09/10/2015 12:00:00 AM,2015,10,Oct,Q4,201510,1
10/10/2015 12:00:00 AM,2015,10,Oct,Q4,201510,0
11/10/2015 12:00:00 AM,2015,10,Oct,Q4,201510,0
12/10/2015 12:00:00 AM,2015,10,Oct,Q4,201510,1
13/10/2015 12:00:00 AM,2015,10,Oct,Q4,201510,1
14/10/2015 12:00:00 AM,2015,10,Oct,Q4,201510,1
15/10/2015 12:00:00 AM,2015,10,Oct,Q4,201510,1
16/10/2015 12:00:00 AM,2015,10,Oct,Q4,201510,1
17/10/2015 12:00:00 AM,2015,10,Oct,Q4,201510,0
18/10/2015 12:00:00 AM,2015,10,Oct,Q4,201510,0
19/10/2015 12:00:00 AM,2015,10,Oct,Q4,201510,1
20/10/2015 12:00:00 AM,2015,10,Oct,Q4,201510,1
21/10/2015 12:00:00 AM,2015,10,Oct,Q4,201510,1
22/10/2015 12:00:00 AM,2015,10,Oct,Q4,201510,1
23/10/2015 12:00:00 AM,2015,10,Oct,Q4,201510,1
24/10/2015 12:00:00 AM,2015,10,Oct,Q4,201510,0
25/10/2015 12:00:00 AM,2015,10,Oct,Q4,201510,0
26/10/2015 12:00:00 AM,2015,10,Oct,Q4,201510,1
27/10/2015 12:00:00 AM,2015,10,Oct,Q4,201510,1
28/10/2015 12:00:00 AM,2015,10,Oct,Q4,201510,1
29/10/2015 12:00:00 AM,2015,10,Oct,Q4,201510,1
30/10/2015 12:00:00 AM,2015,10,Oct,Q4,201510,1
31/10/2015 12:00:00 AM,2015,10,Oct,Q4,201510,0
01/11/2015 12:00:00 AM,2015,11,Nov,Q4,201511,0
02/11/2015 12:00:00 AM,2015,11,Nov,Q4,201511,1
03/11/2015 12:00:00 AM,2015,11,Nov,Q4,201511,1
04/11/2015 12:00:00 AM,2015,11,Nov,Q4,201511,1
05/11/2015 12:00:00 AM,2015,11,Nov,Q4,201511,1
06/11/2015 12:00:00 AM,2015,11,Nov,Q4,201511,1
07/11/2015 12:00:00 AM,2015,11,Nov,Q4,201511,0
08/11/2015 12:00:00 AM,2015,11,Nov,Q4,201511,0
09/11/2015 12:00:00 AM,2015,11,Nov,Q4,201511,1
10/11/2015 12:00:00 AM,2015,11,Nov,Q4,201511,1
11/11/2015 12:00:00 AM,2015,11,Nov,Q4,201511,1
12/11/2015 12:00:00 AM,2015,11,Nov,Q4,201511,1
13/11/2015 12:00:00 AM,2015,11,Nov,Q4,201511,1
14/11/2015 12:00:00 AM,2015,11,Nov,Q4,201511,0
15/11/2015 12:00:00 AM,2015,11,Nov,Q4,201511,0
16/11/2015 12:00:00 AM,2015,11,Nov,Q4,201511,1
17/11/2015 12:00:00 AM,2015,11,Nov,Q4,201511,1
18/11/2015 12:00:00 AM,2015,11,Nov,Q4,201511,1
19/11/2015 12:00:00 AM,2015,11,Nov,Q4,201511,1
20/11/2015 12:00:00 AM,2015,11,Nov,Q4,201511,1
21/11/2015 12:00:00 AM,2015,11,Nov,Q4,201511,0
22/11/2015 12:00:00 AM,2015,11,Nov,Q4,201511,0
23/11/2015 12:00:00 AM,2015,11,Nov,Q4,201511,1
24/11/2015 12:00:00 AM,2015,11,Nov,Q4,201511,1
25/11/2015 12:00:00 AM,2015,11,Nov,Q4,201511,1
26/11/2015 12:00:00 AM,2015,11,Nov,Q4,201511,1
27/11/2015 12:00:00 AM,2015,11,Nov,Q4,201511,1
28/11/2015 12:00:00 AM,2015,11,Nov,Q4,201511,0
29/11/2015 12:00:00 AM,2015,11,Nov,Q4,201511,0
30/11/2015 12:00:00 AM,2015,11,Nov,Q4,201511,1
01/12/2015 12:00:00 AM,2015,12,Dec,Q4,201512,1
02/12/2015 12:00:00 AM,2015,12,Dec,Q4,201512,1
03/12/2015 12:00:00 AM,2015,12,Dec,Q4,201512,1
04/12/2015 12:00:00 AM,2015,12,Dec,Q4,201512,1
05/12/2015 12:00:00 AM,2015,12,Dec,Q4,201512,0
06/12/2015 12:00:00 AM,2015,12,Dec,Q4,201512,0
07/12/2015 12:00:00 AM,2015,12,Dec,Q4,201512,1
08/12/2015 12:00:00 AM,2015,12,Dec,Q4,201512,1
09/12/2015 12:00:00 AM,2015,12,Dec,Q4,201512,1
10/12/2015 12:00:00 AM,2015,12,Dec,Q4,201512,1
11/12/2015 12:00:00 AM,2015,12,Dec,Q4,201512,1
12/12/2015 12:00:00 AM,2015,12,Dec,Q4,201512,0
13/12/2015 12:00:00 AM,2015,12,Dec,Q4,201512,0
14/12/2015 12:00:00 AM,2015,12,Dec,Q4,201512,1
15/12/2015 12:00:00 AM,2015,12,Dec,Q4,201512,1
16/12/2015 12:00:00 AM,2015,12,Dec,Q4,201512,1
17/12/2015 12:00:00 AM,2015,12,Dec,Q4,201512,1
18/12/2015 12:00:00 AM,2015,12,Dec,Q4,201512,1
19/12/2015 12:00:00 AM,2015,12,Dec,Q4,201512,0
20/12/2015 12:00:00 AM,2015,12,Dec,Q4,201512,0
21/12/2015 12:00:00 AM,2015,12,Dec,Q4,201512,1
22/12/2015 12:00:00 AM,2015,12,Dec,Q4,201512,1
23/12/2015 12:00:00 AM,2015,12,Dec,Q4,201512,1
24/12/2015 12:00:00 AM,2015,12,Dec,Q4,201512,1
25/12/2015 12:00:00 AM,2015,12,Dec,Q4,201512,1
26/12/2015 12:00:00 AM,2015,12,Dec,Q4,201512,0
27/12/2015 12:00:00 AM,2015,12,Dec,Q4,201512,0
28/12/2015 12:00:00 AM,2015,12,Dec,Q4,201512,1
29/12/2015 12:00:00 AM,2015,12,Dec,Q4,201512,1
30/12/2015 12:00:00 AM,2015,12,Dec,Q4,201512,1
31/12/2015 12:00:00 AM,2015,12,Dec,Q4,201512,1
01/01/2016 12:00:00 AM,2016,1,Jan,Q1,201601,1
02/01/2016 12:00:00 AM,2016,1,Jan,Q1,201601,0
03/01/2016 12:00:00 AM,2016,1,Jan,Q1,201601,0
04/01/2016 12:00:00 AM,2016,1,Jan,Q1,201601,1
05/01/2016 12:00:00 AM,2016,1,Jan,Q1,201601,1
06/01/2016 12:00:00 AM,2016,1,Jan,Q1,201601,1
07/01/2016 12:00:00 AM,2016,1,Jan,Q1,201601,1
08/01/2016 12:00:00 AM,2016,1,Jan,Q1,201601,1
09/01/2016 12:00:00 AM,2016,1,Jan,Q1,201601,0
10/01/2016 12:00:00 AM,2016,1,Jan,Q1,201601,0
11/01/2016 12:00:00 AM,2016,1,Jan,Q1,201601,1
12/01/2016 12:00:00 AM,2016,1,Jan,Q1,201601,1
13/01/2016 12:00:00 AM,2016,1,Jan,Q1,201601,1
14/01/2016 12:00:00 AM,2016,1,Jan,Q1,201601,1
15/01/2016 12:00:00 AM,2016,1,Jan,Q1,201601,1
16/01/2016 12:00:00 AM,2016,1,Jan,Q1,201601,0
17/01/2016 12:00:00 AM,2016,1,Jan,Q1,201601,0
18/01/2016 12:00:00 AM,2016,1,Jan,Q1,201601,1
19/01/2016 12:00:00 AM,2016,1,Jan,Q1,201601,1
20/01/2016 12:00:00 AM,2016,1,Jan,Q1,201601,1
21/01/2016 12:00:00 AM,2016,1,Jan,Q1,201601,1
22/01/2016 12:00:00 AM,2016,1,Jan,Q1,201601,1
23/01/2016 12:00:00 AM,2016,1,Jan,Q1,201601,0
24/01/2016 12:00:00 AM,2016,1,Jan,Q1,201601,0
25/01/2016 12:00:00 AM,2016,1,Jan,Q1,201601,1
26/01/2016 12:00:00 AM,2016,1,Jan,Q1,201601,1
27/01/2016 12:00:00 AM,2016,1,Jan,Q1,201601,1
28/01/2016 12:00:00 AM,2016,1,Jan,Q1,201601,1
29/01/2016 12:00:00 AM,2016,1,Jan,Q1,201601,1
30/01/2016 12:00:00 AM,2016,1,Jan,Q1,201601,0
31/01/2016 12:00:00 AM,2016,1,Jan,Q1,201601,0
01/02/2016 12:00:00 AM,2016,2,Feb,Q1,201602,1
02/02/2016 12:00:00 AM,2016,2,Feb,Q1,201602,1
03/02/2016 12:00:00 AM,2016,2,Feb,Q1,201602,1
04/02/2016 12:00:00 AM,2016,2,Feb,Q1,201602,1
05/02/2016 12:00:00 AM,2016,2,Feb,Q1,201602,1
06/02/2016 12:00:00 AM,2016,2,Feb,Q1,201602,0
07/02/2016 12:00:00 AM,2016,2,Feb,Q1,201602,0
08/02/2016 12:00:00 AM,2016,2,Feb,Q1,201602,1
09/02/2016 12:00:00 AM,2016,2,Feb,Q1,201602,1
10/02/2016 12:00:00 AM,2016,2,Feb,Q1,201602,1
11/02/2016 12:00:00 AM,2016,2,Feb,Q1,201602,1
12/02/2016 12:00:00 AM,2016,2,Feb,Q1,201602,1
13/02/2016 12:00:00 AM,2016,2,Feb,Q1,201602,0
14/02/2016 12:00:00 AM,2016,2,Feb,Q1,201602,0
15/02/2016 12:00:00 AM,2016,2,Feb,Q1,201602,1
16/02/2016 12:00:00 AM,2016,2,Feb,Q1,201602,1
17/02/2016 12:00:00 AM,2016,2,Feb,Q1,201602,1
18/02/2016 12:00:00 AM,2016,2,Feb,Q1,201602,1
19/02/2016 12:00:00 AM,2016,2,Feb,Q1,201602,1
20/02/2016 12:00:00 AM,2016,2,Feb,Q1,201602,0
21/02/2016 12:00:00 AM,2016,2,Feb,Q1,201602,0
22/02/2016 12:00:00 AM,2016,2,Feb,Q1,201602,1
23/02/2016 12:00:00 AM,2016,2,Feb,Q1,201602,1
24/02/2016 12:00:00 AM,2016,2,Feb,Q1,201602,1
25/02/2016 12:00:00 AM,2016,2,Feb,Q1,201602,1
26/02/2016 12:00:00 AM,2016,2,Feb,Q1,201602,1
27/02/2016 12:00:00 AM,2016,2,Feb,Q1,201602,0
28/02/2016 12:00:00 AM,2016,2,Feb,Q1,201602,0
29/02/2016 12:00:00 AM,2016,2,Feb,Q1,201602,1
01/03/2016 12:00:00 AM,2016,3,Mar,Q1,201603,1
02/03/2016 12:00:00 AM,2016,3,Mar,Q1,201603,1
03/03/2016 12:00:00 AM,2016,3,Mar,Q1,201603,1
04/03/2016 12:00:00 AM,2016,3,Mar,Q1,201603,1
05/03/2016 12:00:00 AM,2016,3,Mar,Q1,201603,0
06/03/2016 12:00:00 AM,2016,3,Mar,Q1,201603,0
07/03/2016 12:00:00 AM,2016,3,Mar,Q1,201603,1
08/03/2016 12:00:00 AM,2016,3,Mar,Q1,201603,1
09/03/2016 12:00:00 AM,2016,3,Mar,Q1,201603,1
10/03/2016 12:00:00 AM,2016,3,Mar,Q1,201603,1
11/03/2016 12:00:00 AM,2016,3,Mar,Q1,201603,1
12/03/2016 12:00:00 AM,2016,3,Mar,Q1,201603,0
13/03/2016 12:00:00 AM,2016,3,Mar,Q1,201603,0
14/03/2016 12:00:00 AM,2016,3,Mar,Q1,201603,1
15/03/2016 12:00:00 AM,2016,3,Mar,Q1,201603,1
16/03/2016 12:00:00 AM,2016,3,Mar,Q1,201603,1
17/03/2016 12:00:00 AM,2016,3,Mar,Q1,201603,1
18/03/2016 12:00:00 AM,2016,3,Mar,Q1,201603,1
19/03/2016 12:00:00 AM,2016,3,Mar,Q1,201603,0
20/03/2016 12:00:00 AM,2016,3,Mar,Q1,201603,0
21/03/2016 12:00:00 AM,2016,3,Mar,Q1,201603,1
22/03/2016 12:00:00 AM,2016,3,Mar,Q1,201603,1
23/03/2016 12:00:00 AM,2016,3,Mar,Q1,201603,1
24/03/2016 12:00:00 AM,2016,3,Mar,Q1,201603,1
25/03/2016 12:00:00 AM,2016,3,Mar,Q1,201603,1
26/03/2016 12:00:00 AM,2016,3,Mar,Q1,201603,0
27/03/2016 12:00:00 AM,2016,3,Mar,Q1,201603,0
28/03/2016 12:00:00 AM,2016,3,Mar,Q1,201603,1
29/03/2016 12:00:00 AM,2016,3,Mar,Q1,201603,1
30/03/2016 12:00:00 AM,2016,3,Mar,Q1,201603,1
31/03/2016 12:00:00 AM,2016,3,Mar,Q1,201603,1
01/04/2016 12:00:00 AM,2016,4,Apr,Q2,201604,1
02/04/2016 12:00:00 AM,2016,4,Apr,Q2,201604,0
03/04/2016 12:00:00 AM,2016,4,Apr,Q2,201604,0
04/04/2016 12:00:00 AM,2016,4,Apr,Q2,201604,1
05/04/2016 12:00:00 AM,2016,4,Apr,Q2,201604,1
06/04/2016 12:00:00 AM,2016,4,Apr,Q2,201604,1
07/04/2016 12:00:00 AM,2016,4,Apr,Q2,201604,1
08/04/2016 12:00:00 AM,2016,4,Apr,Q2,201604,1
09/04/2016 12:00:00 AM,2016,4,Apr,Q2,201604,0
10/04/2016 12:00:00 AM,2016,4,Apr,Q2,201604,0
11/04/2016 12:00:00 AM,2016,4,Apr,Q2,201604,1
12/04/2016 12:00:00 AM,2016,4,Apr,Q2,201604,1
13/04/2016 12:00:00 AM,2016,4,Apr,Q2,201604,1
14/04/2016 12:00:00 AM,2016,4,Apr,Q2,201604,1
15/04/2016 12:00:00 AM,2016,4,Apr,Q2,201604,1
16/04/2016 12:00:00 AM,2016,4,Apr,Q2,201604,0
17/04/2016 12:00:00 AM,2016,4,Apr,Q2,201604,0
18/04/2016 12:00:00 AM,2016,4,Apr,Q2,201604,1
19/04/2016 12:00:00 AM,2016,4,Apr,Q2,201604,1
20/04/2016 12:00:00 AM,2016,4,Apr,Q2,201604,1
21/04/2016 12:00:00 AM,2016,4,Apr,Q2,201604,1
22/04/2016 12:00:00 AM,2016,4,Apr,Q2,201604,1
23/04/2016 12:00:00 AM,2016,4,Apr,Q2,201604,0
24/04/2016 12:00:00 AM,2016,4,Apr,Q2,201604,0
25/04/2016 12:00:00 AM,2016,4,Apr,Q2,201604,1
26/04/2016 12:00:00 AM,2016,4,Apr,Q2,201604,1
27/04/2016 12:00:00 AM,2016,4,Apr,Q2,201604,1
28/04/2016 12:00:00 AM,2016,4,Apr,Q2,201604,1
29/04/2016 12:00:00 AM,2016,4,Apr,Q2,201604,1
30/04/2016 12:00:00 AM,2016,4,Apr,Q2,201604,0
01/05/2016 12:00:00 AM,2016,5,May,Q2,201605,0
02/05/2016 12:00:00 AM,2016,5,May,Q2,201605,1
03/05/2016 12:00:00 AM,2016,5,May,Q2,201605,1
04/05/2016 12:00:00 AM,2016,5,May,Q2,201605,1
05/05/2016 12:00:00 AM,2016,5,May,Q2,201605,1
06/05/2016 12:00:00 AM,2016,5,May,Q2,201605,1
07/05/2016 12:00:00 AM,2016,5,May,Q2,201605,0
08/05/2016 12:00:00 AM,2016,5,May,Q2,201605,0
09/05/2016 12:00:00 AM,2016,5,May,Q2,201605,1
10/05/2016 12:00:00 AM,2016,5,May,Q2,201605,1
11/05/2016 12:00:00 AM,2016,5,May,Q2,201605,1
12/05/2016 12:00:00 AM,2016,5,May,Q2,201605,1
13/05/2016 12:00:00 AM,2016,5,May,Q2,201605,1
14/05/2016 12:00:00 AM,2016,5,May,Q2,201605,0
15/05/2016 12:00:00 AM,2016,5,May,Q2,201605,0
16/05/2016 12:00:00 AM,2016,5,May,Q2,201605,1
17/05/2016 12:00:00 AM,2016,5,May,Q2,201605,1
18/05/2016 12:00:00 AM,2016,5,May,Q2,201605,1
19/05/2016 12:00:00 AM,2016,5,May,Q2,201605,1
20/05/2016 12:00:00 AM,2016,5,May,Q2,201605,1
21/05/2016 12:00:00 AM,2016,5,May,Q2,201605,0
22/05/2016 12:00:00 AM,2016,5,May,Q2,201605,0
23/05/2016 12:00:00 AM,2016,5,May,Q2,201605,1
24/05/2016 12:00:00 AM,2016,5,May,Q2,201605,1
25/05/2016 12:00:00 AM,2016,5,May,Q2,201605,1
26/05/2016 12:00:00 AM,2016,5,May,Q2,201605,1
27/05/2016 12:00:00 AM,2016,5,May,Q2,201605,1
28/05/2016 12:00:00 AM,2016,5,May,Q2,201605,0
29/05/2016 12:00:00 AM,2016,5,May,Q2,201605,0
30/05/2016 12:00:00 AM,2016,5,May,Q2,201605,1
31/05/2016 12:00:00 AM,2016,5,May,Q2,201605,1
01/06/2016 12:00:00 AM,2016,6,Jun,Q2,201606,1
02/06/2016 12:00:00 AM,2016,6,Jun,Q2,201606,1
03/06/2016 12:00:00 AM,2016,6,Jun,Q2,201606,1
04/06/2016 12:00:00 AM,2016,6,Jun,Q2,201606,0
05/06/2016 12:00:00 AM,2016,6,Jun,Q2,201606,0
06/06/2016 12:00:00 AM,2016,6,Jun,Q2,201606,1
07/06/2016 12:00:00 AM,2016,6,Jun,Q2,201606,1
08/06/2016 12:00:00 AM,2016,6,Jun,Q2,201606,1
09/06/2016 12:00:00 AM,2016,6,Jun,Q2,201606,1
10/06/2016 12:00:00 AM,2016,6,Jun,Q2,201606,1
11/06/2016 12:00:00 AM,2016,6,Jun,Q2,201606,0
12/06/2016 12:00:00 AM,2016,6,Jun,Q2,201606,0
13/06/2016 12:00:00 AM,2016,6,Jun,Q2,201606,1
14/06/2016 12:00:00 AM,2016,6,Jun,Q2,201606,1
15/06/2016 12:00:00 AM,2016,6,Jun,Q2,201606,1
16/06/2016 12:00:00 AM,2016,6,Jun,Q2,201606,1
17/06/2016 12:00:00 AM,2016,6,Jun,Q2,201606,1
18/06/2016 12:00:00 AM,2016,6,Jun,Q2,201606,0
19/06/2016 12:00:00 AM,2016,6,Jun,Q2,201606,0
20/06/2016 12:00:00 AM,2016,6,Jun,Q2,201606,1
21/06/2016 12:00:00 AM,2016,6,Jun,Q2,201606,1
22/06/2016 12:00:00 AM,2016,6,Jun,Q2,201606,1
23/06/2016 12:00:00 AM,2016,6,Jun,Q2,201606,1
24/06/2016 12:00:00 AM,2016,6,Jun,Q2,201606,1
25/06/2016 12:00:00 AM,2016,6,Jun,Q2,201606,0
26/06/2016 12:00:00 AM,2016,6,Jun,Q2,201606,0
27/06/2016 12:00:00 AM,2016,6,Jun,Q2,201606,1
28/06/2016 12:00:00 AM,2016,6,Jun,Q2,201606,1
29/06/2016 12:00:00 AM,2016,6,Jun,Q2,201606,1
30/06/2016 12:00:00 AM,2016,6,Jun,Q2,201606,1
01/07/2016 12:00:00 AM,2016,7,Jul,Q3,201607,1
02/07/2016 12:00:00 AM,2016,7,Jul,Q3,201607,0
03/07/2016 12:00:00 AM,2016,7,Jul,Q3,201607,0
04/07/2016 12:00:00 AM,2016,7,Jul,Q3,201607,1
05/07/2016 12:00:00 AM,2016,7,Jul,Q3,201607,1
06/07/2016 12:00:00 AM,2016,7,Jul,Q3,201607,1
07/07/2016 12:00:00 AM,2016,7,Jul,Q3,201607,1
08/07/2016 12:00:00 AM,2016,7,Jul,Q3,201607,1
09/07/2016 12:00:00 AM,2016,7,Jul,Q3,201607,0
10/07/2016 12:00:00 AM,2016,7,Jul,Q3,201607,0
11/07/2016 12:00:00 AM,2016,7,Jul,Q3,201607,1
12/07/2016 12:00:00 AM,2016,7,Jul,Q3,201607,1
13/07/2016 12:00:00 AM,2016,7,Jul,Q3,201607,1
14/07/2016 12:00:00 AM,2016,7,Jul,Q3,201607,1
15/07/2016 12:00:00 AM,2016,7,Jul,Q3,201607,1
16/07/2016 12:00:00 AM,2016,7,Jul,Q3,201607,0
17/07/2016 12:00:00 AM,2016,7,Jul,Q3,201607,0
18/07/2016 12:00:00 AM,2016,7,Jul,Q3,201607,1
19/07/2016 12:00:00 AM,2016,7,Jul,Q3,201607,1
20/07/2016 12:00:00 AM,2016,7,Jul,Q3,201607,1
21/07/2016 12:00:00 AM,2016,7,Jul,Q3,201607,1
22/07/2016 12:00:00 AM,2016,7,Jul,Q3,201607,1
23/07/2016 12:00:00 AM,2016,7,Jul,Q3,201607,0
24/07/2016 12:00:00 AM,2016,7,Jul,Q3,201607,0
25/07/2016 12:00:00 AM,2016,7,Jul,Q3,201607,1
26/07/2016 12:00:00 AM,2016,7,Jul,Q3,201607,1
27/07/2016 12:00:00 AM,2016,7,Jul,Q3,201607,1
28/07/2016 12:00:00 AM,2016,7,Jul,Q3,201607,1
29/07/2016 12:00:00 AM,2016,7,Jul,Q3,201607,1
30/07/2016 12:00:00 AM,2016,7,Jul,Q3,201607,0
31/07/2016 12:00:00 AM,2016,7,Jul,Q3,201607,0
01/08/2016 12:00:00 AM,2016,8,Aug,Q3,201608,1
02/08/2016 12:00:00 AM,2016,8,Aug,Q3,201608,1
03/08/2016 12:00:00 AM,2016,8,Aug,Q3,201608,1
04/08/2016 12:00:00 AM,2016,8,Aug,Q3,201608,1
05/08/2016 12:00:00 AM,2016,8,Aug,Q3,201608,1
06/08/2016 12:00:00 AM,2016,8,Aug,Q3,201608,0
07/08/2016 12:00:00 AM,2016,8,Aug,Q3,201608,0
08/08/2016 12:00:00 AM,2016,8,Aug,Q3,201608,1
09/08/2016 12:00:00 AM,2016,8,Aug,Q3,201608,1
10/08/2016 12:00:00 AM,2016,8,Aug,Q3,201608,1
11/08/2016 12:00:00 AM,2016,8,Aug,Q3,201608,1
12/08/2016 12:00:00 AM,2016,8,Aug,Q3,201608,1
13/08/2016 12:00:00 AM,2016,8,Aug,Q3,201608,0
14/08/2016 12:00:00 AM,2016,8,Aug,Q3,201608,0
15/08/2016 12:00:00 AM,2016,8,Aug,Q3,201608,1
16/08/2016 12:00:00 AM,2016,8,Aug,Q3,201608,1
17/08/2016 12:00:00 AM,2016,8,Aug,Q3,201608,1
18/08/2016 12:00:00 AM,2016,8,Aug,Q3,201608,1
19/08/2016 12:00:00 AM,2016,8,Aug,Q3,201608,1
20/08/2016 12:00:00 AM,2016,8,Aug,Q3,201608,0
21/08/2016 12:00:00 AM,2016,8,Aug,Q3,201608,0
22/08/2016 12:00:00 AM,2016,8,Aug,Q3,201608,1
23/08/2016 12:00:00 AM,2016,8,Aug,Q3,201608,1
24/08/2016 12:00:00 AM,2016,8,Aug,Q3,201608,1
25/08/2016 12:00:00 AM,2016,8,Aug,Q3,201608,1
26/08/2016 12:00:00 AM,2016,8,Aug,Q3,201608,1
27/08/2016 12:00:00 AM,2016,8,Aug,Q3,201608,0
28/08/2016 12:00:00 AM,2016,8,Aug,Q3,201608,0
29/08/2016 12:00:00 AM,2016,8,Aug,Q3,201608,1
30/08/2016 12:00:00 AM,2016,8,Aug,Q3,201608,1
31/08/2016 12:00:00 AM,2016,8,Aug,Q3,201608,1
01/09/2016 12:00:00 AM,2016,9,Sep,Q3,201609,1
02/09/2016 12:00:00 AM,2016,9,Sep,Q3,201609,1
03/09/2016 12:00:00 AM,2016,9,Sep,Q3,201609,0
04/09/2016 12:00:00 AM,2016,9,Sep,Q3,201609,0
05/09/2016 12:00:00 AM,2016,9,Sep,Q3,201609,1
06/09/2016 12:00:00 AM,2016,9,Sep,Q3,201609,1
07/09/2016 12:00:00 AM,2016,9,Sep,Q3,201609,1
08/09/2016 12:00:00 AM,2016,9,Sep,Q3,201609,1
09/09/2016 12:00:00 AM,2016,9,Sep,Q3,201609,1
10/09/2016 12:00:00 AM,2016,9,Sep,Q3,201609,0
11/09/2016 12:00:00 AM,2016,9,Sep,Q3,201609,0
12/09/2016 12:00:00 AM,2016,9,Sep,Q3,201609,1
13/09/2016 12:00:00 AM,2016,9,Sep,Q3,201609,1
14/09/2016 12:00:00 AM,2016,9,Sep,Q3,201609,1
15/09/2016 12:00:00 AM,2016,9,Sep,Q3,201609,1
16/09/2016 12:00:00 AM,2016,9,Sep,Q3,201609,1
17/09/2016 12:00:00 AM,2016,9,Sep,Q3,201609,0
18/09/2016 12:00:00 AM,2016,9,Sep,Q3,201609,0
19/09/2016 12:00:00 AM,2016,9,Sep,Q3,201609,1
20/09/2016 12:00:00 AM,2016,9,Sep,Q3,201609,1
21/09/2016 12:00:00 AM,2016,9,Sep,Q3,201609,1
22/09/2016 12:00:00 AM,2016,9,Sep,Q3,201609,1
23/09/2016 12:00:00 AM,2016,9,Sep,Q3,201609,1
24/09/2016 12:00:00 AM,2016,9,Sep,Q3,201609,0
25/09/2016 12:00:00 AM,2016,9,Sep,Q3,201609,0
26/09/2016 12:00:00 AM,2016,9,Sep,Q3,201609,1
27/09/2016 12:00:00 AM,2016,9,Sep,Q3,201609,1
28/09/2016 12:00:00 AM,2016,9,Sep,Q3,201609,1
29/09/2016 12:00:00 AM,2016,9,Sep,Q3,201609,1
30/09/2016 12:00:00 AM,2016,9,Sep,Q3,201609,1
01/10/2016 12:00:00 AM,2016,10,Oct,Q4,201610,0
02/10/2016 12:00:00 AM,2016,10,Oct,Q4,201610,0
03/10/2016 12:00:00 AM,2016,10,Oct,Q4,201610,1
04/10/2016 12:00:00 AM,2016,10,Oct,Q4,201610,1
05/10/2016 12:00:00 AM,2016,10,Oct,Q4,201610,1
06/10/2016 12:00:00 AM,2016,10,Oct,Q4,201610,1
07/10/2016 12:00:00 AM,2016,10,Oct,Q4,201610,1
08/10/2016 12:00:00 AM,2016,10,Oct,Q4,201610,0
09/10/2016 12:00:00 AM,2016,10,Oct,Q4,201610,0
10/10/2016 12:00:00 AM,2016,10,Oct,Q4,201610,1
11/10/2016 12:00:00 AM,2016,10,Oct,Q4,201610,1
12/10/2016 12:00:00 AM,2016,10,Oct,Q4,201610,1
13/10/2016 12:00:00 AM,2016,10,Oct,Q4,201610,1
14/10/2016 12:00:00 AM,2016,10,Oct,Q4,201610,1
15/10/2016 12:00:00 AM,2016,10,Oct,Q4,201610,0
16/10/2016 12:00:00 AM,2016,10,Oct,Q4,201610,0
17/10/2016 12:00:00 AM,2016,10,Oct,Q4,201610,1
18/10/2016 12:00:00 AM,2016,10,Oct,Q4,201610,1
19/10/2016 12:00:00 AM,2016,10,Oct,Q4,201610,1
20/10/2016 12:00:00 AM,2016,10,Oct,Q4,201610,1
21/10/2016 12:00:00 AM,2016,10,Oct,Q4,201610,1
22/10/2016 12:00:00 AM,2016,10,Oct,Q4,201610,0
23/10/2016 12:00:00 AM,2016,10,Oct,Q4,201610,0
24/10/2016 12:00:00 AM,2016,10,Oct,Q4,201610,1
25/10/2016 12:00:00 AM,2016,10,Oct,Q4,201610,1
26/10/2016 12:00:00 AM,2016,10,Oct,Q4,201610,1
27/10/2016 12:00:00 AM,2016,10,Oct,Q4,201610,1
28/10/2016 12:00:00 AM,2016,10,Oct,Q4,201610,1
29/10/2016 12:00:00 AM,2016,10,Oct,Q4,201610,0
30/10/2016 12:00:00 AM,2016,10,Oct,Q4,201610,0
31/10/2016 12:00:00 AM,2016,10,Oct,Q4,201610,1
01/11/2016 12:00:00 AM,2016,11,Nov,Q4,201611,1
02/11/2016 12:00:00 AM,2016,11,Nov,Q4,201611,1
03/11/2016 12:00:00 AM,2016,11,Nov,Q4,201611,1
04/11/2016 12:00:00 AM,2016,11,Nov,Q4,201611,1
05/11/2016 12:00:00 AM,2016,11,Nov,Q4,201611,0
06/11/2016 12:00:00 AM,2016,11,Nov,Q4,201611,0
07/11/2016 12:00:00 AM,2016,11,Nov,Q4,201611,1
08/11/2016 12:00:00 AM,2016,11,Nov,Q4,201611,1
09/11/2016 12:00:00 AM,2016,11,Nov,Q4,201611,1
10/11/2016 12:00:00 AM,2016,11,Nov,Q4,201611,1
11/11/2016 12:00:00 AM,2016,11,Nov,Q4,201611,1
12/11/2016 12:00:00 AM,2016,11,Nov,Q4,201611,0
13/11/2016 12:00:00 AM,2016,11,Nov,Q4,201611,0
14/11/2016 12:00:00 AM,2016,11,Nov,Q4,201611,1
15/11/2016 12:00:00 AM,2016,11,Nov,Q4,201611,1
16/11/2016 12:00:00 AM,2016,11,Nov,Q4,201611,1
17/11/2016 12:00:00 AM,2016,11,Nov,Q4,201611,1
18/11/2016 12:00:00 AM,2016,11,Nov,Q4,201611,1
19/11/2016 12:00:00 AM,2016,11,Nov,Q4,201611,0
20/11/2016 12:00:00 AM,2016,11,Nov,Q4,201611,0
21/11/2016 12:00:00 AM,2016,11,Nov,Q4,201611,1
22/11/2016 12:00:00 AM,2016,11,Nov,Q4,201611,1
23/11/2016 12:00:00 AM,2016,11,Nov,Q4,201611,1
24/11/2016 12:00:00 AM,2016,11,Nov,Q4,201611,1
25/11/2016 12:00:00 AM,2016,11,Nov,Q4,201611,1
26/11/2016 12:00:00 AM,2016,11,Nov,Q4,201611,0
27/11/2016 12:00:00 AM,2016,11,Nov,Q4,201611,0
28/11/2016 12:00:00 AM,2016,11,Nov,Q4,201611,1
29/11/2016 12:00:00 AM,2016,11,Nov,Q4,201611,1
30/11/2016 12:00:00 AM,2016,11,Nov,Q4,201611,1
01/12/2016 12:00:00 AM,2016,12,Dec,Q4,201612,1
02/12/2016 12:00:00 AM,2016,12,Dec,Q4,201612,1
03/12/2016 12:00:00 AM,2016,12,Dec,Q4,201612,0
04/12/2016 12:00:00 AM,2016,12,Dec,Q4,201612,0
05/12/2016 12:00:00 AM,2016,12,Dec,Q4,201612,1
06/12/2016 12:00:00 AM,2016,12,Dec,Q4,201612,1
07/12/2016 12:00:00 AM,2016,12,Dec,Q4,201612,1
08/12/2016 12:00:00 AM,2016,12,Dec,Q4,201612,1
09/12/2016 12:00:00 AM,2016,12,Dec,Q4,201612,1
10/12/2016 12:00:00 AM,2016,12,Dec,Q4,201612,0
11/12/2016 12:00:00 AM,2016,12,Dec,Q4,201612,0
12/12/2016 12:00:00 AM,2016,12,Dec,Q4,201612,1
13/12/2016 12:00:00 AM,2016,12,Dec,Q4,201612,1
14/12/2016 12:00:00 AM,2016,12,Dec,Q4,201612,1
15/12/2016 12:00:00 AM,2016,12,Dec,Q4,201612,1
16/12/2016 12:00:00 AM,2016,12,Dec,Q4,201612,1
17/12/2016 12:00:00 AM,2016,12,Dec,Q4,201612,0
18/12/2016 12:00:00 AM,2016,12,Dec,Q4,201612,0
19/12/2016 12:00:00 AM,2016,12,Dec,Q4,201612,1
20/12/2016 12:00:00 AM,2016,12,Dec,Q4,201612,1
21/12/2016 12:00:00 AM,2016,12,Dec,Q4,201612,1
22/12/2016 12:00:00 AM,2016,12,Dec,Q4,201612,1
23/12/2016 12:00:00 AM,2016,12,Dec,Q4,201612,1
24/12/2016 12:00:00 AM,2016,12,Dec,Q4,201612,0
25/12/2016 12:00:00 AM,2016,12,Dec,Q4,201612,0
26/12/2016 12:00:00 AM,2016,12,Dec,Q4,201612,1
27/12/2016 12:00:00 AM,2016,12,Dec,Q4,201612,1
28/12/2016 12:00:00 AM,2016,12,Dec,Q4,201612,1
29/12/2016 12:00:00 AM,2016,12,Dec,Q4,201612,1
30/12/2016 12:00:00 AM,2016,12,Dec,Q4,201612,1
31/12/2016 12:00:00 AM,2016,12,Dec,Q4,201612,0
01/01/2017 12:00:00 AM,2017,1,Jan,Q1,201701,0
02/01/2017 12:00:00 AM,2017,1,Jan,Q1,201701,1
03/01/2017 12:00:00 AM,2017,1,Jan,Q1,201701,1
04/01/2017 12:00:00 AM,2017,1,Jan,Q1,201701,1
05/01/2017 12:00:00 AM,2017,1,Jan,Q1,201701,1
06/01/2017 12:00:00 AM,2017,1,Jan,Q1,201701,1
07/01/2017 12:00:00 AM,2017,1,Jan,Q1,201701,0
08/01/2017 12:00:00 AM,2017,1,Jan,Q1,201701,0
09/01/2017 12:00:00 AM,2017,1,Jan,Q1,201701,1
10/01/2017 12:00:00 AM,2017,1,Jan,Q1,201701,1
11/01/2017 12:00:00 AM,2017,1,Jan,Q1,201701,1
12/01/2017 12:00:00 AM,2017,1,Jan,Q1,201701,1
13/01/2017 12:00:00 AM,2017,1,Jan,Q1,201701,1
14/01/2017 12:00:00 AM,2017,1,Jan,Q1,201701,0
15/01/2017 12:00:00 AM,2017,1,Jan,Q1,201701,0
16/01/2017 12:00:00 AM,2017,1,Jan,Q1,201701,1
17/01/2017 12:00:00 AM,2017,1,Jan,Q1,201701,1
18/01/2017 12:00:00 AM,2017,1,Jan,Q1,201701,1
19/01/2017 12:00:00 AM,2017,1,Jan,Q1,201701,1
20/01/2017 12:00:00 AM,2017,1,Jan,Q1,201701,1
21/01/2017 12:00:00 AM,2017,1,Jan,Q1,201701,0
22/01/2017 12:00:00 AM,2017,1,Jan,Q1,201701,0
23/01/2017 12:00:00 AM,2017,1,Jan,Q1,201701,1
24/01/2017 12:00:00 AM,2017,1,Jan,Q1,201701,1
25/01/2017 12:00:00 AM,2017,1,Jan,Q1,201701,1
26/01/2017 12:00:00 AM,2017,1,Jan,Q1,201701,1
27/01/2017 12:00:00 AM,2017,1,Jan,Q1,201701,1
28/01/2017 12:00:00 AM,2017,1,Jan,Q1,201701,0
29/01/2017 12:00:00 AM,2017,1,Jan,Q1,201701,0
30/01/2017 12:00:00 AM,2017,1,Jan,Q1,201701,1
31/01/2017 12:00:00 AM,2017,1,Jan,Q1,201701,1
01/02/2017 12:00:00 AM,2017,2,Feb,Q1,201702,1
02/02/2017 12:00:00 AM,2017,2,Feb,Q1,201702,1
03/02/2017 12:00:00 AM,2017,2,Feb,Q1,201702,1
04/02/2017 12:00:00 AM,2017,2,Feb,Q1,201702,0
05/02/2017 12:00:00 AM,2017,2,Feb,Q1,201702,0
06/02/2017 12:00:00 AM,2017,2,Feb,Q1,201702,1
07/02/2017 12:00:00 AM,2017,2,Feb,Q1,201702,1
08/02/2017 12:00:00 AM,2017,2,Feb,Q1,201702,1
09/02/2017 12:00:00 AM,2017,2,Feb,Q1,201702,1
10/02/2017 12:00:00 AM,2017,2,Feb,Q1,201702,1
11/02/2017 12:00:00 AM,2017,2,Feb,Q1,201702,0
12/02/2017 12:00:00 AM,2017,2,Feb,Q1,201702,0
13/02/2017 12:00:00 AM,2017,2,Feb,Q1,201702,1
14/02/2017 12:00:00 AM,2017,2,Feb,Q1,201702,1
15/02/2017 12:00:00 AM,2017,2,Feb,Q1,201702,1
16/02/2017 12:00:00 AM,2017,2,Feb,Q1,201702,1
17/02/2017 12:00:00 AM,2017,2,Feb,Q1,201702,1
18/02/2017 12:00:00 AM,2017,2,Feb,Q1,201702,0
19/02/2017 12:00:00 AM,2017,2,Feb,Q1,201702,0
20/02/2017 12:00:00 AM,2017,2,Feb,Q1,201702,1
21/02/2017 12:00:00 AM,2017,2,Feb,Q1,201702,1
22/02/2017 12:00:00 AM,2017,2,Feb,Q1,201702,1
23/02/2017 12:00:00 AM,2017,2,Feb,Q1,201702,1
24/02/2017 12:00:00 AM,2017,2,Feb,Q1,201702,1
25/02/2017 12:00:00 AM,2017,2,Feb,Q1,201702,0
26/02/2017 12:00:00 AM,2017,2,Feb,Q1,201702,0
27/02/2017 12:00:00 AM,2017,2,Feb,Q1,201702,1
28/02/2017 12:00:00 AM,2017,2,Feb,Q1,201702,1
01/03/2017 12:00:00 AM,2017,3,Mar,Q1,201703,1
02/03/2017 12:00:00 AM,2017,3,Mar,Q1,201703,1
03/03/2017 12:00:00 AM,2017,3,Mar,Q1,201703,1
04/03/2017 12:00:00 AM,2017,3,Mar,Q1,201703,0
05/03/2017 12:00:00 AM,2017,3,Mar,Q1,201703,0
06/03/2017 12:00:00 AM,2017,3,Mar,Q1,201703,1
07/03/2017 12:00:00 AM,2017,3,Mar,Q1,201703,1
08/03/2017 12:00:00 AM,2017,3,Mar,Q1,201703,1
09/03/2017 12:00:00 AM,2017,3,Mar,Q1,201703,1
10/03/2017 12:00:00 AM,2017,3,Mar,Q1,201703,1
11/03/2017 12:00:00 AM,2017,3,Mar,Q1,201703,0
12/03/2017 12:00:00 AM,2017,3,Mar,Q1,201703,0
13/03/2017 12:00:00 AM,2017,3,Mar,Q1,201703,1
14/03/2017 12:00:00 AM,2017,3,Mar,Q1,201703,1
15/03/2017 12:00:00 AM,2017,3,Mar,Q1,201703,1
16/03/2017 12:00:00 AM,2017,3,Mar,Q1,201703,1
17/03/2017 12:00:00 AM,2017,3,Mar,Q1,201703,1
18/03/2017 12:00:00 AM,2017,3,Mar,Q1,201703,0
19/03/2017 12:00:00 AM,2017,3,Mar,Q1,201703,0
20/03/2017 12:00:00 AM,2017,3,Mar,Q1,201703,1
21/03/2017 12:00:00 AM,2017,3,Mar,Q1,201703,1
22/03/2017 12:00:00 AM,2017,3,Mar,Q1,201703,1
23/03/2017 12:00:00 AM,2017,3,Mar,Q1,201703,1
24/03/2017 12:00:00 AM,2017,3,Mar,Q1,201703,1
25/03/2017 12:00:00 AM,2017,3,Mar,Q1,201703,0
26/03/2017 12:00:00 AM,2017,3,Mar,Q1,201703,0
27/03/2017 12:00:00 AM,2017,3,Mar,Q1,201703,1
28/03/2017 12:00:00 AM,2017,3,Mar,Q1,201703,1
29/03/2017 12:00:00 AM,2017,3,Mar,Q1,201703,1
30/03/2017 12:00:00 AM,2017,3,Mar,Q1,201703,1
31/03/2017 12:00:00 AM,2017,3,Mar,Q1,201703,1
01/04/2017 12:00:00 AM,2017,4,Apr,Q2,201704,0
02/04/2017 12:00:00 AM,2017,4,Apr,Q2,201704,0
03/04/2017 12:00:00 AM,2017,4,Apr,Q2,201704,1
04/04/2017 12:00:00 AM,2017,4,Apr,Q2,201704,1
05/04/2017 12:00:00 AM,2017,4,Apr,Q2,201704,1
06/04/2017 12:00:00 AM,2017,4,Apr,Q2,201704,1
07/04/2017 12:00:00 AM,2017,4,Apr,Q2,201704,1
08/04/2017 12:00:00 AM,2017,4,Apr,Q2,201704,0
09/04/2017 12:00:00 AM,2017,4,Apr,Q2,201704,0
10/04/2017 12:00:00 AM,2017,4,Apr,Q2,201704,1
11/04/2017 12:00:00 AM,2017,4,Apr,Q2,201704,1
12/04/2017 12:00:00 AM,2017,4,Apr,Q2,201704,1
13/04/2017 12:00:00 AM,2017,4,Apr,Q2,201704,1
14/04/2017 12:00:00 AM,2017,4,Apr,Q2,201704,1
15/04/2017 12:00:00 AM,2017,4,Apr,Q2,201704,0
16/04/2017 12:00:00 AM,2017,4,Apr,Q2,201704,0
17/04/2017 12:00:00 AM,2017,4,Apr,Q2,201704,1
18/04/2017 12:00:00 AM,2017,4,Apr,Q2,201704,1
19/04/2017 12:00:00 AM,2017,4,Apr,Q2,201704,1
20/04/2017 12:00:00 AM,2017,4,Apr,Q2,201704,1
21/04/2017 12:00:00 AM,2017,4,Apr,Q2,201704,1
22/04/2017 12:00:00 AM,2017,4,Apr,Q2,201704,0
23/04/2017 12:00:00 AM,2017,4,Apr,Q2,201704,0
24/04/2017 12:00:00 AM,2017,4,Apr,Q2,201704,1
25/04/2017 12:00:00 AM,2017,4,Apr,Q2,201704,1
26/04/2017 12:00:00 AM,2017,4,Apr,Q2,201704,1
27/04/2017 12:00:00 AM,2017,4,Apr,Q2,201704,1
28/04/2017 12:00:00 AM,2017,4,Apr,Q2,201704,1
29/04/2017 12:00:00 AM,2017,4,Apr,Q2,201704,0
30/04/2017 12:00:00 AM,2017,4,Apr,Q2,201704,0
01/05/2017 12:00:00 AM,2017,5,May,Q2,201705,1
02/05/2017 12:00:00 AM,2017,5,May,Q2,201705,1
03/05/2017 12:00:00 AM,2017,5,May,Q2,201705,1
04/05/2017 12:00:00 AM,2017,5,May,Q2,201705,1
05/05/2017 12:00:00 AM,2017,5,May,Q2,201705,1
06/05/2017 12:00:00 AM,2017,5,May,Q2,201705,0
07/05/2017 12:00:00 AM,2017,5,May,Q2,201705,0
08/05/2017 12:00:00 AM,2017,5,May,Q2,201705,1
09/05/2017 12:00:00 AM,2017,5,May,Q2,201705,1
10/05/2017 12:00:00 AM,2017,5,May,Q2,201705,1
11/05/2017 12:00:00 AM,2017,5,May,Q2,201705,1
12/05/2017 12:00:00 AM,2017,5,May,Q2,201705,1
13/05/2017 12:00:00 AM,2017,5,May,Q2,201705,0
14/05/2017 12:00:00 AM,2017,5,May,Q2,201705,0
15/05/2017 12:00:00 AM,2017,5,May,Q2,201705,1
16/05/2017 12:00:00 AM,2017,5,May,Q2,201705,1
17/05/2017 12:00:00 AM,2017,5,May,Q2,201705,1
18/05/2017 12:00:00 AM,2017,5,May,Q2,201705,1
19/05/2017 12:00:00 AM,2017,5,May,Q2,201705,1
20/05/2017 12:00:00 AM,2017,5,May,Q2,201705,0
21/05/2017 12:00:00 AM,2017,5,May,Q2,201705,0
22/05/2017 12:00:00 AM,2017,5,May,Q2,201705,1
23/05/2017 12:00:00 AM,2017,5,May,Q2,201705,1
24/05/2017 12:00:00 AM,2017,5,May,Q2,201705,1
25/05/2017 12:00:00 AM,2017,5,May,Q2,201705,1
26/05/2017 12:00:00 AM,2017,5,May,Q2,201705,1
27/05/2017 12:00:00 AM,2017,5,May,Q2,201705,0
28/05/2017 12:00:00 AM,2017,5,May,Q2,201705,0
29/05/2017 12:00:00 AM,2017,5,May,Q2,201705,1
30/05/2017 12:00:00 AM,2017,5,May,Q2,201705,1
31/05/2017 12:00:00 AM,2017,5,May,Q2,201705,1
01/06/2017 12:00:00 AM,2017,6,Jun,Q2,201706,1
02/06/2017 12:00:00 AM,2017,6,Jun,Q2,201706,1
03/06/2017 12:00:00 AM,2017,6,Jun,Q2,201706,0
04/06/2017 12:00:00 AM,2017,6,Jun,Q2,201706,0
05/06/2017 12:00:00 AM,2017,6,Jun,Q2,201706,1
06/06/2017 12:00:00 AM,2017,6,Jun,Q2,201706,1
07/06/2017 12:00:00 AM,2017,6,Jun,Q2,201706,1
08/06/2017 12:00:00 AM,2017,6,Jun,Q2,201706,1
09/06/2017 12:00:00 AM,2017,6,Jun,Q2,201706,1
10/06/2017 12:00:00 AM,2017,6,Jun,Q2,201706,0
11/06/2017 12:00:00 AM,2017,6,Jun,Q2,201706,0
12/06/2017 12:00:00 AM,2017,6,Jun,Q2,201706,1
13/06/2017 12:00:00 AM,2017,6,Jun,Q2,201706,1
14/06/2017 12:00:00 AM,2017,6,Jun,Q2,201706,1
15/06/2017 12:00:00 AM,2017,6,Jun,Q2,201706,1
16/06/2017 12:00:00 AM,2017,6,Jun,Q2,201706,1
17/06/2017 12:00:00 AM,2017,6,Jun,Q2,201706,0
18/06/2017 12:00:00 AM,2017,6,Jun,Q2,201706,0
19/06/2017 12:00:00 AM,2017,6,Jun,Q2,201706,1
20/06/2017 12:00:00 AM,2017,6,Jun,Q2,201706,1
21/06/2017 12:00:00 AM,2017,6,Jun,Q2,201706,1
22/06/2017 12:00:00 AM,2017,6,Jun,Q2,201706,1
23/06/2017 12:00:00 AM,2017,6,Jun,Q2,201706,1
24/06/2017 12:00:00 AM,2017,6,Jun,Q2,201706,0
25/06/2017 12:00:00 AM,2017,6,Jun,Q2,201706,0
26/06/2017 12:00:00 AM,2017,6,Jun,Q2,201706,1
27/06/2017 12:00:00 AM,2017,6,Jun,Q2,201706,1
28/06/2017 12:00:00 AM,2017,6,Jun,Q2,201706,1
29/06/2017 12:00:00 AM,2017,6,Jun,Q2,201706,1
30/06/2017 12:00:00 AM,2017,6,Jun,Q2,201706,1
01/07/2017 12:00:00 AM,2017,7,Jul,Q3,201707,0
02/07/2017 12:00:00 AM,2017,7,Jul,Q3,201707,0
03/07/2017 12:00:00 AM,2017,7,Jul,Q3,201707,1
04/07/2017 12:00:00 AM,2017,7,Jul,Q3,201707,1
05/07/2017 12:00:00 AM,2017,7,Jul,Q3,201707,1
06/07/2017 12:00:00 AM,2017,7,Jul,Q3,201707,1
07/07/2017 12:00:00 AM,2017,7,Jul,Q3,201707,1
08/07/2017 12:00:00 AM,2017,7,Jul,Q3,201707,0
09/07/2017 12:00:00 AM,2017,7,Jul,Q3,201707,0
10/07/2017 12:00:00 AM,2017,7,Jul,Q3,201707,1
11/07/2017 12:00:00 AM,2017,7,Jul,Q3,201707,1
12/07/2017 12:00:00 AM,2017,7,Jul,Q3,201707,1
13/07/2017 12:00:00 AM,2017,7,Jul,Q3,201707,1
14/07/2017 12:00:00 AM,2017,7,Jul,Q3,201707,1
15/07/2017 12:00:00 AM,2017,7,Jul,Q3,201707,0
16/07/2017 12:00:00 AM,2017,7,Jul,Q3,201707,0
17/07/2017 12:00:00 AM,2017,7,Jul,Q3,201707,1
18/07/2017 12:00:00 AM,2017,7,Jul,Q3,201707,1
19/07/2017 12:00:00 AM,2017,7,Jul,Q3,201707,1
20/07/2017 12:00:00 AM,2017,7,Jul,Q3,201707,1
21/07/2017 12:00:00 AM,2017,7,Jul,Q3,201707,1
22/07/2017 12:00:00 AM,2017,7,Jul,Q3,201707,0
23/07/2017 12:00:00 AM,2017,7,Jul,Q3,201707,0
24/07/2017 12:00:00 AM,2017,7,Jul,Q3,201707,1
25/07/2017 12:00:00 AM,2017,7,Jul,Q3,201707,1
26/07/2017 12:00:00 AM,2017,7,Jul,Q3,201707,1
27/07/2017 12:00:00 AM,2017,7,Jul,Q3,201707,1
28/07/2017 12:00:00 AM,2017,7,Jul,Q3,201707,1
29/07/2017 12:00:00 AM,2017,7,Jul,Q3,201707,0
30/07/2017 12:00:00 AM,2017,7,Jul,Q3,201707,0
31/07/2017 12:00:00 AM,2017,7,Jul,Q3,201707,1
01/08/2017 12:00:00 AM,2017,8,Aug,Q3,201708,1
02/08/2017 12:00:00 AM,2017,8,Aug,Q3,201708,1
03/08/2017 12:00:00 AM,2017,8,Aug,Q3,201708,1
04/08/2017 12:00:00 AM,2017,8,Aug,Q3,201708,1
05/08/2017 12:00:00 AM,2017,8,Aug,Q3,201708,0
06/08/2017 12:00:00 AM,2017,8,Aug,Q3,201708,0
07/08/2017 12:00:00 AM,2017,8,Aug,Q3,201708,1
08/08/2017 12:00:00 AM,2017,8,Aug,Q3,201708,1
09/08/2017 12:00:00 AM,2017,8,Aug,Q3,201708,1
10/08/2017 12:00:00 AM,2017,8,Aug,Q3,201708,1
11/08/2017 12:00:00 AM,2017,8,Aug,Q3,201708,1
12/08/2017 12:00:00 AM,2017,8,Aug,Q3,201708,0
13/08/2017 12:00:00 AM,2017,8,Aug,Q3,201708,0
14/08/2017 12:00:00 AM,2017,8,Aug,Q3,201708,1
15/08/2017 12:00:00 AM,2017,8,Aug,Q3,201708,1
16/08/2017 12:00:00 AM,2017,8,Aug,Q3,201708,1
17/08/2017 12:00:00 AM,2017,8,Aug,Q3,201708,1
18/08/2017 12:00:00 AM,2017,8,Aug,Q3,201708,1
19/08/2017 12:00:00 AM,2017,8,Aug,Q3,201708,0
20/08/2017 12:00:00 AM,2017,8,Aug,Q3,201708,0
21/08/2017 12:00:00 AM,2017,8,Aug,Q3,201708,1
22/08/2017 12:00:00 AM,2017,8,Aug,Q3,201708,1
23/08/2017 12:00:00 AM,2017,8,Aug,Q3,201708,1
24/08/2017 12:00:00 AM,2017,8,Aug,Q3,201708,1
25/08/2017 12:00:00 AM,2017,8,Aug,Q3,201708,1
26/08/2017 12:00:00 AM,2017,8,Aug,Q3,201708,0
27/08/2017 12:00:00 AM,2017,8,Aug,Q3,201708,0
28/08/2017 12:00:00 AM,2017,8,Aug,Q3,201708,1
29/08/2017 12:00:00 AM,2017,8,Aug,Q3,201708,1
30/08/2017 12:00:00 AM,2017,8,Aug,Q3,201708,1
31/08/2017 12:00:00 AM,2017,8,Aug,Q3,201708,1
01/09/2017 12:00:00 AM,2017,9,Sep,Q3,201709,1
02/09/2017 12:00:00 AM,2017,9,Sep,Q3,201709,0
03/09/2017 12:00:00 AM,2017,9,Sep,Q3,201709,0
04/09/2017 12:00:00 AM,2017,9,Sep,Q3,201709,1
05/09/2017 12:00:00 AM,2017,9,Sep,Q3,201709,1
06/09/2017 12:00:00 AM,2017,9,Sep,Q3,201709,1
07/09/2017 12:00:00 AM,2017,9,Sep,Q3,201709,1
08/09/2017 12:00:00 AM,2017,9,Sep,Q3,201709,1
09/09/2017 12:00:00 AM,2017,9,Sep,Q3,201709,0
10/09/2017 12:00:00 AM,2017,9,Sep,Q3,201709,0
11/09/2017 12:00:00 AM,2017,9,Sep,Q3,201709,1
12/09/2017 12:00:00 AM,2017,9,Sep,Q3,201709,1
13/09/2017 12:00:00 AM,2017,9,Sep,Q3,201709,1
14/09/2017 12:00:00 AM,2017,9,Sep,Q3,201709,1
15/09/2017 12:00:00 AM,2017,9,Sep,Q3,201709,1
16/09/2017 12:00:00 AM,2017,9,Sep,Q3,201709,0
17/09/2017 12:00:00 AM,2017,9,Sep,Q3,201709,0
18/09/2017 12:00:00 AM,2017,9,Sep,Q3,201709,1
19/09/2017 12:00:00 AM,2017,9,Sep,Q3,201709,1
20/09/2017 12:00:00 AM,2017,9,Sep,Q3,201709,1
21/09/2017 12:00:00 AM,2017,9,Sep,Q3,201709,1
22/09/2017 12:00:00 AM,2017,9,Sep,Q3,201709,1
23/09/2017 12:00:00 AM,2017,9,Sep,Q3,201709,0
24/09/2017 12:00:00 AM,2017,9,Sep,Q3,201709,0
25/09/2017 12:00:00 AM,2017,9,Sep,Q3,201709,1
26/09/2017 12:00:00 AM,2017,9,Sep,Q3,201709,1
27/09/2017 12:00:00 AM,2017,9,Sep,Q3,201709,1
28/09/2017 12:00:00 AM,2017,9,Sep,Q3,201709,1
29/09/2017 12:00:00 AM,2017,9,Sep,Q3,201709,1
30/09/2017 12:00:00 AM,2017,9,Sep,Q3,201709,0
01/10/2017 12:00:00 AM,2017,10,Oct,Q4,201710,0
02/10/2017 12:00:00 AM,2017,10,Oct,Q4,201710,1
03/10/2017 12:00:00 AM,2017,10,Oct,Q4,201710,1
04/10/2017 12:00:00 AM,2017,10,Oct,Q4,201710,1
05/10/2017 12:00:00 AM,2017,10,Oct,Q4,201710,1
06/10/2017 12:00:00 AM,2017,10,Oct,Q4,201710,1
07/10/2017 12:00:00 AM,2017,10,Oct,Q4,201710,0
08/10/2017 12:00:00 AM,2017,10,Oct,Q4,201710,0
09/10/2017 12:00:00 AM,2017,10,Oct,Q4,201710,1
10/10/2017 12:00:00 AM,2017,10,Oct,Q4,201710,1
11/10/2017 12:00:00 AM,2017,10,Oct,Q4,201710,1
12/10/2017 12:00:00 AM,2017,10,Oct,Q4,201710,1
13/10/2017 12:00:00 AM,2017,10,Oct,Q4,201710,1
14/10/2017 12:00:00 AM,2017,10,Oct,Q4,201710,0
15/10/2017 12:00:00 AM,2017,10,Oct,Q4,201710,0
16/10/2017 12:00:00 AM,2017,10,Oct,Q4,201710,1
17/10/2017 12:00:00 AM,2017,10,Oct,Q4,201710,1
18/10/2017 12:00:00 AM,2017,10,Oct,Q4,201710,1
19/10/2017 12:00:00 AM,2017,10,Oct,Q4,201710,1
20/10/2017 12:00:00 AM,2017,10,Oct,Q4,201710,1
21/10/2017 12:00:00 AM,2017,10,Oct,Q4,201710,0
22/10/2017 12:00:00 AM,2017,10,Oct,Q4,201710,0
23/10/2017 12:00:00 AM,2017,10,Oct,Q4,201710,1
24/10/2017 12:00:00 AM,2017,10,Oct,Q4,201710,1
25/10/2017 12:00:00 AM,2017,10,Oct,Q4,201710,1
26/10/2017 12:00:00 AM,2017,10,Oct,Q4,201710,1
27/10/2017 12:00:00 AM,2017,10,Oct,Q4,201710,1
28/10/2017 12:00:00 AM,2017,10,Oct,Q4,201710,0
29/10/2017 12:00:00 AM,2017,10,Oct,Q4,201710,0
30/10/2017 12:00:00 AM,2017,10,Oct,Q4,201710,1
31/10/2017 12:00:00 AM,2017,10,Oct,Q4,201710,1
01/11/2017 12:00:00 AM,2017,11,Nov,Q4,201711,1
02/11/2017 12:00:00 AM,2017,11,Nov,Q4,201711,1
03/11/2017 12:00:00 AM,2017,11,Nov,Q4,201711,1
04/11/2017 12:00:00 AM,2017,11,Nov,Q4,201711,0
05/11/2017 12:00:00 AM,2017,11,Nov,Q4,201711,0
06/11/2017 12:00:00 AM,2017,11,Nov,Q4,201711,1
07/11/2017 12:00:00 AM,2017,11,Nov,Q4,201711,1
08/11/2017 12:00:00 AM,2017,11,Nov,Q4,201711,1
09/11/2017 12:00:00 AM,2017,11,Nov,Q4,201711,1
10/11/2017 12:00:00 AM,2017,11,Nov,Q4,201711,1
11/11/2017 12:00:00 AM,2017,11,Nov,Q4,201711,0
12/11/2017 12:00:00 AM,2017,11,Nov,Q4,201711,0
13/11/2017 12:00:00 AM,2017,11,Nov,Q4,201711,1
14/11/2017 12:00:00 AM,2017,11,Nov,Q4,201711,1
15/11/2017 12:00:00 AM,2017,11,Nov,Q4,201711,1
16/11/2017 12:00:00 AM,2017,11,Nov,Q4,201711,1
17/11/2017 12:00:00 AM,2017,11,Nov,Q4,201711,1
18/11/2017 12:00:00 AM,2017,11,Nov,Q4,201711,0
19/11/2017 12:00:00 AM,2017,11,Nov,Q4,201711,0
20/11/2017 12:00:00 AM,2017,11,Nov,Q4,201711,1
21/11/2017 12:00:00 AM,2017,11,Nov,Q4,201711,1
22/11/2017 12:00:00 AM,2017,11,Nov,Q4,201711,1
23/11/2017 12:00:00 AM,2017,11,Nov,Q4,201711,1
24/11/2017 12:00:00 AM,2017,11,Nov,Q4,201711,1
25/11/2017 12:00:00 AM,2017,11,Nov,Q4,201711,0
26/11/2017 12:00:00 AM,2017,11,Nov,Q4,201711,0
27/11/2017 12:00:00 AM,2017,11,Nov,Q4,201711,1
28/11/2017 12:00:00 AM,2017,11,Nov,Q4,201711,1
29/11/2017 12:00:00 AM,2017,11,Nov,Q4,201711,1
30/11/2017 12:00:00 AM,2017,11,Nov,Q4,201711,1
01/12/2017 12:00:00 AM,2017,12,Dec,Q4,201712,1
02/12/2017 12:00:00 AM,2017,12,Dec,Q4,201712,0
03/12/2017 12:00:00 AM,2017,12,Dec,Q4,201712,0
04/12/2017 12:00:00 AM,2017,12,Dec,Q4,201712,1
05/12/2017 12:00:00 AM,2017,12,Dec,Q4,201712,1
06/12/2017 12:00:00 AM,2017,12,Dec,Q4,201712,1
07/12/2017 12:00:00 AM,2017,12,Dec,Q4,201712,1
08/12/2017 12:00:00 AM,2017,12,Dec,Q4,201712,1
09/12/2017 12:00:00 AM,2017,12,Dec,Q4,201712,0
10/12/2017 12:00:00 AM,2017,12,Dec,Q4,201712,0
11/12/2017 12:00:00 AM,2017,12,Dec,Q4,201712,1
12/12/2017 12:00:00 AM,2017,12,Dec,Q4,201712,1
13/12/2017 12:00:00 AM,2017,12,Dec,Q4,201712,1
14/12/2017 12:00:00 AM,2017,12,Dec,Q4,201712,1
15/12/2017 12:00:00 AM,2017,12,Dec,Q4,201712,1
16/12/2017 12:00:00 AM,2017,12,Dec,Q4,201712,0
17/12/2017 12:00:00 AM,2017,12,Dec,Q4,201712,0
18/12/2017 12:00:00 AM,2017,12,Dec,Q4,201712,1
19/12/2017 12:00:00 AM,2017,12,Dec,Q4,201712,1
20/12/2017 12:00:00 AM,2017,12,Dec,Q4,201712,1
21/12/2017 12:00:00 AM,2017,12,Dec,Q4,201712,1
22/12/2017 12:00:00 AM,2017,12,Dec,Q4,201712,1
23/12/2017 12:00:00 AM,2017,12,Dec,Q4,201712,0
24/12/2017 12:00:00 AM,2017,12,Dec,Q4,201712,0
25/12/2017 12:00:00 AM,2017,12,Dec,Q4,201712,1
26/12/2017 12:00:00 AM,2017,12,Dec,Q4,201712,1
27/12/2017 12:00:00 AM,2017,12,Dec,Q4,201712,1
28/12/2017 12:00:00 AM,2017,12,Dec,Q4,201712,1
29/12/2017 12:00:00 AM,2017,12,Dec,Q4,201712,1
30/12/2017 12:00:00 AM,2017,12,Dec,Q4,201712,0
31/12/2017 12:00:00 AM,2017,12,Dec,Q4,201712,0
01/01/2018 12:00:00 AM,2018,1,Jan,Q1,201801,1
02/01/2018 12:00:00 AM,2018,1,Jan,Q1,201801,1
03/01/2018 12:00:00 AM,2018,1,Jan,Q1,201801,1
04/01/2018 12:00:00 AM,2018,1,Jan,Q1,201801,1
05/01/2018 12:00:00 AM,2018,1,Jan,Q1,201801,1
06/01/2018 12:00:00 AM,2018,1,Jan,Q1,201801,0
07/01/2018 12:00:00 AM,2018,1,Jan,Q1,201801,0
08/01/2018 12:00:00 AM,2018,1,Jan,Q1,201801,1
09/01/2018 12:00:00 AM,2018,1,Jan,Q1,201801,1
10/01/2018 12:00:00 AM,2018,1,Jan,Q1,201801,1
11/01/2018 12:00:00 AM,2018,1,Jan,Q1,201801,1
12/01/2018 12:00:00 AM,2018,1,Jan,Q1,201801,1
13/01/2018 12:00:00 AM,2018,1,Jan,Q1,201801,0
14/01/2018 12:00:00 AM,2018,1,Jan,Q1,201801,0
15/01/2018 12:00:00 AM,2018,1,Jan,Q1,201801,1
16/01/2018 12:00:00 AM,2018,1,Jan,Q1,201801,1
17/01/2018 12:00:00 AM,2018,1,Jan,Q1,201801,1
18/01/2018 12:00:00 AM,2018,1,Jan,Q1,201801,1
19/01/2018 12:00:00 AM,2018,1,Jan,Q1,201801,1
20/01/2018 12:00:00 AM,2018,1,Jan,Q1,201801,0
21/01/2018 12:00:00 AM,2018,1,Jan,Q1,201801,0
22/01/2018 12:00:00 AM,2018,1,Jan,Q1,201801,1
23/01/2018 12:00:00 AM,2018,1,Jan,Q1,201801,1
24/01/2018 12:00:00 AM,2018,1,Jan,Q1,201801,1
25/01/2018 12:00:00 AM,2018,1,Jan,Q1,201801,1
26/01/2018 12:00:00 AM,2018,1,Jan,Q1,201801,1
27/01/2018 12:00:00 AM,2018,1,Jan,Q1,201801,0
28/01/2018 12:00:00 AM,2018,1,Jan,Q1,201801,0
29/01/2018 12:00:00 AM,2018,1,Jan,Q1,201801,1
30/01/2018 12:00:00 AM,2018,1,Jan,Q1,201801,1
31/01/2018 12:00:00 AM,2018,1,Jan,Q1,201801,1
01/02/2018 12:00:00 AM,2018,2,Feb,Q1,201802,1
02/02/2018 12:00:00 AM,2018,2,Feb,Q1,201802,1
03/02/2018 12:00:00 AM,2018,2,Feb,Q1,201802,0
04/02/2018 12:00:00 AM,2018,2,Feb,Q1,201802,0
05/02/2018 12:00:00 AM,2018,2,Feb,Q1,201802,1
06/02/2018 12:00:00 AM,2018,2,Feb,Q1,201802,1
07/02/2018 12:00:00 AM,2018,2,Feb,Q1,201802,1
08/02/2018 12:00:00 AM,2018,2,Feb,Q1,201802,1
09/02/2018 12:00:00 AM,2018,2,Feb,Q1,201802,1
10/02/2018 12:00:00 AM,2018,2,Feb,Q1,201802,0
11/02/2018 12:00:00 AM,2018,2,Feb,Q1,201802,0
12/02/2018 12:00:00 AM,2018,2,Feb,Q1,201802,1
13/02/2018 12:00:00 AM,2018,2,Feb,Q1,201802,1
14/02/2018 12:00:00 AM,2018,2,Feb,Q1,201802,1
15/02/2018 12:00:00 AM,2018,2,Feb,Q1,201802,1
16/02/2018 12:00:00 AM,2018,2,Feb,Q1,201802,1
17/02/2018 12:00:00 AM,2018,2,Feb,Q1,201802,0
18/02/2018 12:00:00 AM,2018,2,Feb,Q1,201802,0
19/02/2018 12:00:00 AM,2018,2,Feb,Q1,201802,1
20/02/2018 12:00:00 AM,2018,2,Feb,Q1,201802,1
21/02/2018 12:00:00 AM,2018,2,Feb,Q1,201802,1
22/02/2018 12:00:00 AM,2018,2,Feb,Q1,201802,1
23/02/2018 12:00:00 AM,2018,2,Feb,Q1,201802,1
24/02/2018 12:00:00 AM,2018,2,Feb,Q1,201802,0
25/02/2018 12:00:00 AM,2018,2,Feb,Q1,201802,0
26/02/2018 12:00:00 AM,2018,2,Feb,Q1,201802,1
27/02/2018 12:00:00 AM,2018,2,Feb,Q1,201802,1
28/02/2018 12:00:00 AM,2018,2,Feb,Q1,201802,1
01/03/2018 12:00:00 AM,2018,3,Mar,Q1,201803,1
02/03/2018 12:00:00 AM,2018,3,Mar,Q1,201803,1
03/03/2018 12:00:00 AM,2018,3,Mar,Q1,201803,0
04/03/2018 12:00:00 AM,2018,3,Mar,Q1,201803,0
05/03/2018 12:00:00 AM,2018,3,Mar,Q1,201803,1
06/03/2018 12:00:00 AM,2018,3,Mar,Q1,201803,1
07/03/2018 12:00:00 AM,2018,3,Mar,Q1,201803,1
08/03/2018 12:00:00 AM,2018,3,Mar,Q1,201803,1
09/03/2018 12:00:00 AM,2018,3,Mar,Q1,201803,1
10/03/2018 12:00:00 AM,2018,3,Mar,Q1,201803,0
11/03/2018 12:00:00 AM,2018,3,Mar,Q1,201803,0
12/03/2018 12:00:00 AM,2018,3,Mar,Q1,201803,1
13/03/2018 12:00:00 AM,2018,3,Mar,Q1,201803,1
14/03/2018 12:00:00 AM,2018,3,Mar,Q1,201803,1
15/03/2018 12:00:00 AM,2018,3,Mar,Q1,201803,1
16/03/2018 12:00:00 AM,2018,3,Mar,Q1,201803,1
17/03/2018 12:00:00 AM,2018,3,Mar,Q1,201803,0
18/03/2018 12:00:00 AM,2018,3,Mar,Q1,201803,0
19/03/2018 12:00:00 AM,2018,3,Mar,Q1,201803,1
20/03/2018 12:00:00 AM,2018,3,Mar,Q1,201803,1
21/03/2018 12:00:00 AM,2018,3,Mar,Q1,201803,1
22/03/2018 12:00:00 AM,2018,3,Mar,Q1,201803,1
23/03/2018 12:00:00 AM,2018,3,Mar,Q1,201803,1
24/03/2018 12:00:00 AM,2018,3,Mar,Q1,201803,0
25/03/2018 12:00:00 AM,2018,3,Mar,Q1,201803,0
26/03/2018 12:00:00 AM,2018,3,Mar,Q1,201803,1
27/03/2018 12:00:00 AM,2018,3,Mar,Q1,201803,1
28/03/2018 12:00:00 AM,2018,3,Mar,Q1,201803,1
29/03/2018 12:00:00 AM,2018,3,Mar,Q1,201803,1
30/03/2018 12:00:00 AM,2018,3,Mar,Q1,201803,1
31/03/2018 12:00:00 AM,2018,3,Mar,Q1,201803,0
01/04/2018 12:00:00 AM,2018,4,Apr,Q2,201804,0
02/04/2018 12:00:00 AM,2018,4,Apr,Q2,201804,1
03/04/2018 12:00:00 AM,2018,4,Apr,Q2,201804,1
04/04/2018 12:00:00 AM,2018,4,Apr,Q2,201804,1
05/04/2018 12:00:00 AM,2018,4,Apr,Q2,201804,1
06/04/2018 12:00:00 AM,2018,4,Apr,Q2,201804,1
07/04/2018 12:00:00 AM,2018,4,Apr,Q2,201804,0
08/04/2018 12:00:00 AM,2018,4,Apr,Q2,201804,0
09/04/2018 12:00:00 AM,2018,4,Apr,Q2,201804,1
10/04/2018 12:00:00 AM,2018,4,Apr,Q2,201804,1
11/04/2018 12:00:00 AM,2018,4,Apr,Q2,201804,1
12/04/2018 12:00:00 AM,2018,4,Apr,Q2,201804,1
13/04/2018 12:00:00 AM,2018,4,Apr,Q2,201804,1
14/04/2018 12:00:00 AM,2018,4,Apr,Q2,201804,0
15/04/2018 12:00:00 AM,2018,4,Apr,Q2,201804,0
16/04/2018 12:00:00 AM,2018,4,Apr,Q2,201804,1
17/04/2018 12:00:00 AM,2018,4,Apr,Q2,201804,1
18/04/2018 12:00:00 AM,2018,4,Apr,Q2,201804,1
19/04/2018 12:00:00 AM,2018,4,Apr,Q2,201804,1
20/04/2018 12:00:00 AM,2018,4,Apr,Q2,201804,1
21/04/2018 12:00:00 AM,2018,4,Apr,Q2,201804,0
22/04/2018 12:00:00 AM,2018,4,Apr,Q2,201804,0
23/04/2018 12:00:00 AM,2018,4,Apr,Q2,201804,1
24/04/2018 12:00:00 AM,2018,4,Apr,Q2,201804,1
25/04/2018 12:00:00 AM,2018,4,Apr,Q2,201804,1
26/04/2018 12:00:00 AM,2018,4,Apr,Q2,201804,1
27/04/2018 12:00:00 AM,2018,4,Apr,Q2,201804,1
28/04/2018 12:00:00 AM,2018,4,Apr,Q2,201804,0
29/04/2018 12:00:00 AM,2018,4,Apr,Q2,201804,0
30/04/2018 12:00:00 AM,2018,4,Apr,Q2,201804,1
01/05/2018 12:00:00 AM,2018,5,May,Q2,201805,1
02/05/2018 12:00:00 AM,2018,5,May,Q2,201805,1
03/05/2018 12:00:00 AM,2018,5,May,Q2,201805,1
04/05/2018 12:00:00 AM,2018,5,May,Q2,201805,1
05/05/2018 12:00:00 AM,2018,5,May,Q2,201805,0
06/05/2018 12:00:00 AM,2018,5,May,Q2,201805,0
07/05/2018 12:00:00 AM,2018,5,May,Q2,201805,1
08/05/2018 12:00:00 AM,2018,5,May,Q2,201805,1
09/05/2018 12:00:00 AM,2018,5,May,Q2,201805,1
10/05/2018 12:00:00 AM,2018,5,May,Q2,201805,1
11/05/2018 12:00:00 AM,2018,5,May,Q2,201805,1
12/05/2018 12:00:00 AM,2018,5,May,Q2,201805,0
13/05/2018 12:00:00 AM,2018,5,May,Q2,201805,0
14/05/2018 12:00:00 AM,2018,5,May,Q2,201805,1
15/05/2018 12:00:00 AM,2018,5,May,Q2,201805,1
16/05/2018 12:00:00 AM,2018,5,May,Q2,201805,1
17/05/2018 12:00:00 AM,2018,5,May,Q2,201805,1
18/05/2018 12:00:00 AM,2018,5,May,Q2,201805,1
19/05/2018 12:00:00 AM,2018,5,May,Q2,201805,0
20/05/2018 12:00:00 AM,2018,5,May,Q2,201805,0
21/05/2018 12:00:00 AM,2018,5,May,Q2,201805,1
22/05/2018 12:00:00 AM,2018,5,May,Q2,201805,1
23/05/2018 12:00:00 AM,2018,5,May,Q2,201805,1
24/05/2018 12:00:00 AM,2018,5,May,Q2,201805,1
25/05/2018 12:00:00 AM,2018,5,May,Q2,201805,1
26/05/2018 12:00:00 AM,2018,5,May,Q2,201805,0
27/05/2018 12:00:00 AM,2018,5,May,Q2,201805,0
28/05/2018 12:00:00 AM,2018,5,May,Q2,201805,1
29/05/2018 12:00:00 AM,2018,5,May,Q2,201805,1
30/05/2018 12:00:00 AM,2018,5,May,Q2,201805,1
31/05/2018 12:00:00 AM,2018,5,May,Q2,201805,1
01/06/2018 12:00:00 AM,2018,6,Jun,Q2,201806,1
02/06/2018 12:00:00 AM,2018,6,Jun,Q2,201806,0
03/06/2018 12:00:00 AM,2018,6,Jun,Q2,201806,0
04/06/2018 12:00:00 AM,2018,6,Jun,Q2,201806,1
05/06/2018 12:00:00 AM,2018,6,Jun,Q2,201806,1
06/06/2018 12:00:00 AM,2018,6,Jun,Q2,201806,1
07/06/2018 12:00:00 AM,2018,6,Jun,Q2,201806,1
08/06/2018 12:00:00 AM,2018,6,Jun,Q2,201806,1
09/06/2018 12:00:00 AM,2018,6,Jun,Q2,201806,0
10/06/2018 12:00:00 AM,2018,6,Jun,Q2,201806,0
11/06/2018 12:00:00 AM,2018,6,Jun,Q2,201806,1
12/06/2018 12:00:00 AM,2018,6,Jun,Q2,201806,1
13/06/2018 12:00:00 AM,2018,6,Jun,Q2,201806,1
14/06/2018 12:00:00 AM,2018,6,Jun,Q2,201806,1
15/06/2018 12:00:00 AM,2018,6,Jun,Q2,201806,1
16/06/2018 12:00:00 AM,2018,6,Jun,Q2,201806,0
17/06/2018 12:00:00 AM,2018,6,Jun,Q2,201806,0
18/06/2018 12:00:00 AM,2018,6,Jun,Q2,201806,1
19/06/2018 12:00:00 AM,2018,6,Jun,Q2,201806,1
20/06/2018 12:00:00 AM,2018,6,Jun,Q2,201806,1
21/06/2018 12:00:00 AM,2018,6,Jun,Q2,201806,1
22/06/2018 12:00:00 AM,2018,6,Jun,Q2,201806,1
23/06/2018 12:00:00 AM,2018,6,Jun,Q2,201806,0
24/06/2018 12:00:00 AM,2018,6,Jun,Q2,201806,0
25/06/2018 12:00:00 AM,2018,6,Jun,Q2,201806,1
26/06/2018 12:00:00 AM,2018,6,Jun,Q2,201806,1
27/06/2018 12:00:00 AM,2018,6,Jun,Q2,201806,1
28/06/2018 12:00:00 AM,2018,6,Jun,Q2,201806,1
29/06/2018 12:00:00 AM,2018,6,Jun,Q2,201806,1
30/06/2018 12:00:00 AM,2018,6,Jun,Q2,201806,0
01/07/2018 12:00:00 AM,2018,7,Jul,Q3,201807,0
02/07/2018 12:00:00 AM,2018,7,Jul,Q3,201807,1
03/07/2018 12:00:00 AM,2018,7,Jul,Q3,201807,1
04/07/2018 12:00:00 AM,2018,7,Jul,Q3,201807,1
05/07/2018 12:00:00 AM,2018,7,Jul,Q3,201807,1
06/07/2018 12:00:00 AM,2018,7,Jul,Q3,201807,1
07/07/2018 12:00:00 AM,2018,7,Jul,Q3,201807,0
08/07/2018 12:00:00 AM,2018,7,Jul,Q3,201807,0
09/07/2018 12:00:00 AM,2018,7,Jul,Q3,201807,1
10/07/2018 12:00:00 AM,2018,7,Jul,Q3,201807,1
11/07/2018 12:00:00 AM,2018,7,Jul,Q3,201807,1
12/07/2018 12:00:00 AM,2018,7,Jul,Q3,201807,1
13/07/2018 12:00:00 AM,2018,7,Jul,Q3,201807,1
14/07/2018 12:00:00 AM,2018,7,Jul,Q3,201807,0
15/07/2018 12:00:00 AM,2018,7,Jul,Q3,201807,0
16/07/2018 12:00:00 AM,2018,7,Jul,Q3,201807,1
17/07/2018 12:00:00 AM,2018,7,Jul,Q3,201807,1
18/07/2018 12:00:00 AM,2018,7,Jul,Q3,201807,1
19/07/2018 12:00:00 AM,2018,7,Jul,Q3,201807,1
20/07/2018 12:00:00 AM,2018,7,Jul,Q3,201807,1
21/07/2018 12:00:00 AM,2018,7,Jul,Q3,201807,0
22/07/2018 12:00:00 AM,2018,7,Jul,Q3,201807,0
23/07/2018 12:00:00 AM,2018,7,Jul,Q3,201807,1
24/07/2018 12:00:00 AM,2018,7,Jul,Q3,201807,1
25/07/2018 12:00:00 AM,2018,7,Jul,Q3,201807,1
26/07/2018 12:00:00 AM,2018,7,Jul,Q3,201807,1
27/07/2018 12:00:00 AM,2018,7,Jul,Q3,201807,1
28/07/2018 12:00:00 AM,2018,7,Jul,Q3,201807,0
29/07/2018 12:00:00 AM,2018,7,Jul,Q3,201807,0
30/07/2018 12:00:00 AM,2018,7,Jul,Q3,201807,1
31/07/2018 12:00:00 AM,2018,7,Jul,Q3,201807,1
01/08/2018 12:00:00 AM,2018,8,Aug,Q3,201808,1
02/08/2018 12:00:00 AM,2018,8,Aug,Q3,201808,1
03/08/2018 12:00:00 AM,2018,8,Aug,Q3,201808,1
04/08/2018 12:00:00 AM,2018,8,Aug,Q3,201808,0
05/08/2018 12:00:00 AM,2018,8,Aug,Q3,201808,0
06/08/2018 12:00:00 AM,2018,8,Aug,Q3,201808,1
07/08/2018 12:00:00 AM,2018,8,Aug,Q3,201808,1
08/08/2018 12:00:00 AM,2018,8,Aug,Q3,201808,1
09/08/2018 12:00:00 AM,2018,8,Aug,Q3,201808,1
10/08/2018 12:00:00 AM,2018,8,Aug,Q3,201808,1
11/08/2018 12:00:00 AM,2018,8,Aug,Q3,201808,0
12/08/2018 12:00:00 AM,2018,8,Aug,Q3,201808,0
13/08/2018 12:00:00 AM,2018,8,Aug,Q3,201808,1
14/08/2018 12:00:00 AM,2018,8,Aug,Q3,201808,1
15/08/2018 12:00:00 AM,2018,8,Aug,Q3,201808,1
16/08/2018 12:00:00 AM,2018,8,Aug,Q3,201808,1
17/08/2018 12:00:00 AM,2018,8,Aug,Q3,201808,1
18/08/2018 12:00:00 AM,2018,8,Aug,Q3,201808,0
19/08/2018 12:00:00 AM,2018,8,Aug,Q3,201808,0
20/08/2018 12:00:00 AM,2018,8,Aug,Q3,201808,1
21/08/2018 12:00:00 AM,2018,8,Aug,Q3,201808,1
22/08/2018 12:00:00 AM,2018,8,Aug,Q3,201808,1
23/08/2018 12:00:00 AM,2018,8,Aug,Q3,201808,1
24/08/2018 12:00:00 AM,2018,8,Aug,Q3,201808,1
25/08/2018 12:00:00 AM,2018,8,Aug,Q3,201808,0
26/08/2018 12:00:00 AM,2018,8,Aug,Q3,201808,0
27/08/2018 12:00:00 AM,2018,8,Aug,Q3,201808,1
28/08/2018 12:00:00 AM,2018,8,Aug,Q3,201808,1
29/08/2018 12:00:00 AM,2018,8,Aug,Q3,201808,1
30/08/2018 12:00:00 AM,2018,8,Aug,Q3,201808,1
31/08/2018 12:00:00 AM,2018,8,Aug,Q3,201808,1
01/09/2018 12:00:00 AM,2018,9,Sep,Q3,201809,0
02/09/2018 12:00:00 AM,2018,9,Sep,Q3,201809,0
03/09/2018 12:00:00 AM,2018,9,Sep,Q3,201809,1
04/09/2018 12:00:00 AM,2018,9,Sep,Q3,201809,1
05/09/2018 12:00:00 AM,2018,9,Sep,Q3,201809,1
06/09/2018 12:00:00 AM,2018,9,Sep,Q3,201809,1
07/09/2018 12:00:00 AM,2018,9,Sep,Q3,201809,1
08/09/2018 12:00:00 AM,2018,9,Sep,Q3,201809,0
09/09/2018 12:00:00 AM,2018,9,Sep,Q3,201809,0
10/09/2018 12:00:00 AM,2018,9,Sep,Q3,201809,1
11/09/2018 12:00:00 AM,2018,9,Sep,Q3,201809,1
12/09/2018 12:00:00 AM,2018,9,Sep,Q3,201809,1
13/09/2018 12:00:00 AM,2018,9,Sep,Q3,201809,1
14/09/2018 12:00:00 AM,2018,9,Sep,Q3,201809,1
15/09/2018 12:00:00 AM,2018,9,Sep,Q3,201809,0
16/09/2018 12:00:00 AM,2018,9,Sep,Q3,201809,0
17/09/2018 12:00:00 AM,2018,9,Sep,Q3,201809,1
18/09/2018 12:00:00 AM,2018,9,Sep,Q3,201809,1
19/09/2018 12:00:00 AM,2018,9,Sep,Q3,201809,1
20/09/2018 12:00:00 AM,2018,9,Sep,Q3,201809,1
21/09/2018 12:00:00 AM,2018,9,Sep,Q3,201809,1
22/09/2018 12:00:00 AM,2018,9,Sep,Q3,201809,0
23/09/2018 12:00:00 AM,2018,9,Sep,Q3,201809,0
24/09/2018 12:00:00 AM,2018,9,Sep,Q3,201809,1
25/09/2018 12:00:00 AM,2018,9,Sep,Q3,201809,1
26/09/2018 12:00:00 AM,2018,9,Sep,Q3,201809,1
27/09/2018 12:00:00 AM,2018,9,Sep,Q3,201809,1
28/09/2018 12:00:00 AM,2018,9,Sep,Q3,201809,1
29/09/2018 12:00:00 AM,2018,9,Sep,Q3,201809,0
30/09/2018 12:00:00 AM,2018,9,Sep,Q3,201809,0
01/10/2018 12:00:00 AM,2018,10,Oct,Q4,201810,1
02/10/2018 12:00:00 AM,2018,10,Oct,Q4,201810,1
03/10/2018 12:00:00 AM,2018,10,Oct,Q4,201810,1
04/10/2018 12:00:00 AM,2018,10,Oct,Q4,201810,1
05/10/2018 12:00:00 AM,2018,10,Oct,Q4,201810,1
06/10/2018 12:00:00 AM,2018,10,Oct,Q4,201810,0
07/10/2018 12:00:00 AM,2018,10,Oct,Q4,201810,0
08/10/2018 12:00:00 AM,2018,10,Oct,Q4,201810,1
09/10/2018 12:00:00 AM,2018,10,Oct,Q4,201810,1
10/10/2018 12:00:00 AM,2018,10,Oct,Q4,201810,1
11/10/2018 12:00:00 AM,2018,10,Oct,Q4,201810,1
12/10/2018 12:00:00 AM,2018,10,Oct,Q4,201810,1
13/10/2018 12:00:00 AM,2018,10,Oct,Q4,201810,0
14/10/2018 12:00:00 AM,2018,10,Oct,Q4,201810,0
15/10/2018 12:00:00 AM,2018,10,Oct,Q4,201810,1
16/10/2018 12:00:00 AM,2018,10,Oct,Q4,201810,1
17/10/2018 12:00:00 AM,2018,10,Oct,Q4,201810,1
18/10/2018 12:00:00 AM,2018,10,Oct,Q4,201810,1
19/10/2018 12:00:00 AM,2018,10,Oct,Q4,201810,1
20/10/2018 12:00:00 AM,2018,10,Oct,Q4,201810,0
21/10/2018 12:00:00 AM,2018,10,Oct,Q4,201810,0
22/10/2018 12:00:00 AM,2018,10,Oct,Q4,201810,1
23/10/2018 12:00:00 AM,2018,10,Oct,Q4,201810,1
24/10/2018 12:00:00 AM,2018,10,Oct,Q4,201810,1
25/10/2018 12:00:00 AM,2018,10,Oct,Q4,201810,1
26/10/2018 12:00:00 AM,2018,10,Oct,Q4,201810,1
27/10/2018 12:00:00 AM,2018,10,Oct,Q4,201810,0
28/10/2018 12:00:00 AM,2018,10,Oct,Q4,201810,0
29/10/2018 12:00:00 AM,2018,10,Oct,Q4,201810,1
30/10/2018 12:00:00 AM,2018,10,Oct,Q4,201810,1
31/10/2018 12:00:00 AM,2018,10,Oct,Q4,201810,1
01/11/2018 12:00:00 AM,2018,11,Nov,Q4,201811,1
02/11/2018 12:00:00 AM,2018,11,Nov,Q4,201811,1
03/11/2018 12:00:00 AM,2018,11,Nov,Q4,201811,0
04/11/2018 12:00:00 AM,2018,11,Nov,Q4,201811,0
05/11/2018 12:00:00 AM,2018,11,Nov,Q4,201811,1
06/11/2018 12:00:00 AM,2018,11,Nov,Q4,201811,1
07/11/2018 12:00:00 AM,2018,11,Nov,Q4,201811,1
08/11/2018 12:00:00 AM,2018,11,Nov,Q4,201811,1
09/11/2018 12:00:00 AM,2018,11,Nov,Q4,201811,1
10/11/2018 12:00:00 AM,2018,11,Nov,Q4,201811,0
11/11/2018 12:00:00 AM,2018,11,Nov,Q4,201811,0
12/11/2018 12:00:00 AM,2018,11,Nov,Q4,201811,1
13/11/2018 12:00:00 AM,2018,11,Nov,Q4,201811,1
14/11/2018 12:00:00 AM,2018,11,Nov,Q4,201811,1
15/11/2018 12:00:00 AM,2018,11,Nov,Q4,201811,1
16/11/2018 12:00:00 AM,2018,11,Nov,Q4,201811,1
17/11/2018 12:00:00 AM,2018,11,Nov,Q4,201811,0
18/11/2018 12:00:00 AM,2018,11,Nov,Q4,201811,0
19/11/2018 12:00:00 AM,2018,11,Nov,Q4,201811,1
20/11/2018 12:00:00 AM,2018,11,Nov,Q4,201811,1
21/11/2018 12:00:00 AM,2018,11,Nov,Q4,201811,1
22/11/2018 12:00:00 AM,2018,11,Nov,Q4,201811,1
23/11/2018 12:00:00 AM,2018,11,Nov,Q4,201811,1
24/11/2018 12:00:00 AM,2018,11,Nov,Q4,201811,0
25/11/2018 12:00:00 AM,2018,11,Nov,Q4,201811,0
26/11/2018 12:00:00 AM,2018,11,Nov,Q4,201811,1
27/11/2018 12:00:00 AM,2018,11,Nov,Q4,201811,1
28/11/2018 12:00:00 AM,2018,11,Nov,Q4,201811,1
29/11/2018 12:00:00 AM,2018,11,Nov,Q4,201811,1
30/11/2018 12:00:00 AM,2018,11,Nov,Q4,201811,1
01/12/2018 12:00:00 AM,2018,12,Dec,Q4,201812,0
02/12/2018 12:00:00 AM,2018,12,Dec,Q4,201812,0
03/12/2018 12:00:00 AM,2018,12,Dec,Q4,201812,1
04/12/2018 12:00:00 AM,2018,12,Dec,Q4,201812,1
05/12/2018 12:00:00 AM,2018,12,Dec,Q4,201812,1
06/12/2018 12:00:00 AM,2018,12,Dec,Q4,201812,1
07/12/2018 12:00:00 AM,2018,12,Dec,Q4,201812,1
08/12/2018 12:00:00 AM,2018,12,Dec,Q4,201812,0
09/12/2018 12:00:00 AM,2018,12,Dec,Q4,201812,0
10/12/2018 12:00:00 AM,2018,12,Dec,Q4,201812,1
11/12/2018 12:00:00 AM,2018,12,Dec,Q4,201812,1
12/12/2018 12:00:00 AM,2018,12,Dec,Q4,201812,1
13/12/2018 12:00:00 AM,2018,12,Dec,Q4,201812,1
14/12/2018 12:00:00 AM,2018,12,Dec,Q4,201812,1
15/12/2018 12:00:00 AM,2018,12,Dec,Q4,201812,0
16/12/2018 12:00:00 AM,2018,12,Dec,Q4,201812,0
17/12/2018 12:00:00 AM,2018,12,Dec,Q4,201812,1
18/12/2018 12:00:00 AM,2018,12,Dec,Q4,201812,1
19/12/2018 12:00:00 AM,2018,12,Dec,Q4,201812,1
20/12/2018 12:00:00 AM,2018,12,Dec,Q4,201812,1
21/12/2018 12:00:00 AM,2018,12,Dec,Q4,201812,1
22/12/2018 12:00:00 AM,2018,12,Dec,Q4,201812,0
23/12/2018 12:00:00 AM,2018,12,Dec,Q4,201812,0
24/12/2018 12:00:00 AM,2018,12,Dec,Q4,201812,1
25/12/2018 12:00:00 AM,2018,12,Dec,Q4,201812,1
26/12/2018 12:00:00 AM,2018,12,Dec,Q4,201812,1
27/12/2018 12:00:00 AM,2018,12,Dec,Q4,201812,1
28/12/2018 12:00:00 AM,2018,12,Dec,Q4,201812,1
29/12/2018 12:00:00 AM,2018,12,Dec,Q4,201812,0
30/12/2018 12:00:00 AM,2018,12,Dec,Q4,201812,0